5.247595906257629395e-02,-4.519211873412132263e-02,2.558613717555999756e-01,-1.536404900252819061e-02,-1.273540705442428589e-01,1.938114315271377563e-01,-2.458827346563339233e-01,-8.225587755441665649e-02,-1.896078139543533325e-02,-8.252163976430892944e-02,2.689670398831367493e-02,2.861158549785614014e-01,2.793657183647155762e-01,1.321677267551422119e-01,6.262522190809249878e-02,8.786797523498535156e-02,-5.663201957941055298e-02,-3.265163004398345947e-01,3.748318180441856384e-02
1.067706048488616943e-01,4.878194630146026611e-02,-6.738859415054321289e-02,-6.359440833330154419e-02,-9.746187366545200348e-03,-5.792733654379844666e-02,-2.011228650808334351e-01,2.770236134529113770e-02,5.215505883097648621e-02,5.845993012189865112e-02,-1.582528650760650635e-01,1.335476338863372803e-01,3.795756101608276367e-01,-9.323378652334213257e-02,2.072493135929107666e-01,-9.634596295654773712e-03,-2.422904223203659058e-02,-9.638711810111999512e-03,-1.027357503771781921e-01
2.979068756103515625e-01,1.460203249007463455e-02,1.608651131391525269e-01,-2.097189798951148987e-02,1.985738426446914673e-01,-1.353273391723632812e-01,1.193659231066703796e-01,1.042020693421363831e-01,-1.045219413936138153e-02,9.328331798315048218e-02,-1.438063383102416992e-01,-4.230052605271339417e-02,-3.684046491980552673e-02,-8.146636933088302612e-02,-1.129363030195236206e-01,6.690377835184335709e-03,-3.376618772745132446e-02,1.009692102670669556e-01,-2.223204672336578369e-01
-9.560608863830566406e-02,6.433700770139694214e-02,6.685816496610641479e-02,-1.022455543279647827e-01,1.538884490728378296e-01,-1.473812013864517212e-01,4.202527925372123718e-02,-3.515977263450622559e-01,-1.041557788848876953e-01,3.925531171262264252e-03,-3.960224688053131104e-01,-2.575936317443847656e-01,7.489425130188465118e-03,2.345943152904510498e-01,1.597093343734741211e-01,-1.901522651314735413e-02,-3.460311144590377808e-02,-4.296759516000747681e-02,-3.824080526828765869e-01
-3.171504288911819458e-02,8.524455875158309937e-02,-1.631437987089157104e-01,-6.005318462848663330e-02,-9.196217358112335205e-02,1.324044018983840942e-01,-1.507667750120162964e-01,-1.254525631666183472e-01,-2.325448393821716309e-02,-3.843672201037406921e-02,-1.846732646226882935e-01,6.408374011516571045e-02,-4.406814277172088623e-02,-7.249970734119415283e-02,-1.412883773446083069e-02,-1.537959724664688110e-01,-4.173558577895164490e-02,9.570702165365219116e-02,-1.329506635665893555e-01
-1.666499376296997070e-01,8.464804291725158691e-02,-3.684075474739074707e-01,-5.068978667259216309e-01,-9.147962927818298340e-01,-7.228677272796630859e-01,-6.889981031417846680e-01,-3.078026771545410156e-01,-1.695117801427841187e-01,-6.000492721796035767e-03,1.461925804615020752e-01,4.280954599380493164e-02,-8.842138946056365967e-02,-1.306529790163040161e-01,-1.687496453523635864e-01,-3.123737312853336334e-02,-1.524667739868164062e-01,8.597473613917827606e-03,-1.657760739326477051e-01
-1.561294645071029663e-01,-4.903691411018371582e-01,-3.094652593135833740e-01,-5.082467794418334961e-01,-1.801424324512481689e-01,-4.991907179355621338e-01,-3.658717870712280273e-01,-4.101965427398681641e-01,2.605749964714050293e-01,-2.115234136581420898e-01,2.510663568973541260e-01,-5.287912115454673767e-02,6.053281947970390320e-03,-2.100009471178054810e-01,-8.973865956068038940e-02,1.033570319414138794e-01,1.036866679787635803e-01,-2.958555333316326141e-02,1.287013143301010132e-01
-2.423607558012008667e-02,-1.715793013572692871e-01,-5.710145831108093262e-01,-2.753875553607940674e-01,-2.300664931535720825e-01,-2.546731531620025635e-01,-2.310167700052261353e-01,-2.540279328823089600e-01,-3.645664155483245850e-01,-2.996545732021331787e-01,-2.374382503330707550e-02,-4.725640416145324707e-01,1.122668832540512085e-01,-1.336319595575332642e-01,1.771887093782424927e-01,-2.683040685951709747e-02,-1.974016278982162476e-01,7.061269879341125488e-02,-1.271097183227539062e+00
2.017166465520858765e-01,-9.343491867184638977e-03,-1.093786358833312988e-01,-2.451401650905609131e-01,1.178082972764968872e-01,-2.303834706544876099e-01,-4.783999547362327576e-02,3.358208835124969482e-01,-1.668646372854709625e-02,1.831525377929210663e-02,-2.308449000120162964e-01,-2.340054512023925781e-01,-3.066067397594451904e-01,8.017144352197647095e-02,-2.720958888530731201e-01,-4.458384811878204346e-01,-2.157292328774929047e-03,-2.631981074810028076e-01,4.726518411189317703e-03
-7.513280492275953293e-03,2.506478922441601753e-03,-2.508921027183532715e-01,-4.515570998191833496e-01,-2.277029901742935181e-01,-5.476231575012207031e-01,-1.667477190494537354e-01,4.299915209412574768e-02,-2.167025208473205566e-01,-1.781775653362274170e-01,-3.146409094333648682e-01,-2.913396358489990234e-01,-1.923755742609500885e-02,6.470834463834762573e-02,-1.039304807782173157e-01,-2.904179096221923828e-01,-2.467241585254669189e-01,-7.283130288124084473e-02,8.640062063932418823e-02
-1.133290380239486694e-01,1.273042559623718262e-01,6.068957969546318054e-02,-5.960413836874067783e-04,9.108666330575942993e-02,-1.873249746859073639e-02,2.535277744755148888e-03,-2.102639339864253998e-02,2.232985012233257294e-02,2.083843573927879333e-03,-1.537335366010665894e-01,5.271712541580200195e-01,3.049136996269226074e-01,2.881734073162078857e-01,-2.718260511755943298e-02,8.941958099603652954e-02,1.302143186330795288e-01,1.535250246524810791e-01,3.061826154589653015e-02
-1.059229001402854919e-01,1.615036576986312866e-01,1.765601783990859985e-01,-2.960399910807609558e-02,1.213383581489324570e-02,4.260826855897903442e-02,-1.495338529348373413e-01,-6.305973976850509644e-02,2.641836702823638916e-01,-1.743274480104446411e-01,-2.915282361209392548e-02,1.022904217243194580e-01,-2.257764339447021484e-01,4.424449987709522247e-03,-2.406251616775989532e-02,-2.668164968490600586e-01,-1.002579852938652039e-01,-1.281527578830718994e-01,-4.203017055988311768e-02
1.042804494500160217e-01,2.127269059419631958e-01,8.881505578756332397e-02,-1.147491708397865295e-01,2.726425975561141968e-02,1.155775599181652069e-02,-4.016898199915885925e-02,1.388742625713348389e-01,-6.768800318241119385e-02,3.192891925573348999e-02,4.699437692761421204e-02,1.703497022390365601e-01,-4.260548949241638184e-02,-8.686196990311145782e-03,1.138532999902963638e-02,1.515205390751361847e-02,-6.915716826915740967e-02,-2.391749322414398193e-01,-1.835490912199020386e-01
-3.649504855275154114e-02,-2.474095076322555542e-01,-1.834703832864761353e-01,3.019266016781330109e-02,-3.162297010421752930e-01,-3.655749186873435974e-02,-4.435471445322036743e-02,3.419154509902000427e-02,5.585266649723052979e-02,-2.444648742675781250e-01,-1.617856025695800781e-01,-5.649908632040023804e-02,4.743429645895957947e-02,-4.828082025051116943e-01,1.974612325429916382e-01,-1.604920625686645508e-01,-3.932594656944274902e-01,-1.320557296276092529e-01,-4.306469559669494629e-01
-3.484222292900085449e-02,-3.016769886016845703e-01,-3.927424848079681396e-01,4.632773250341415405e-02,2.322489395737648010e-02,-2.436908334493637085e-01,1.102862283587455750e-01,1.360321976244449615e-02,-2.906637787818908691e-01,-1.854992210865020752e-01,-4.000240564346313477e-01,-3.044702410697937012e-01,7.092912793159484863e-01,-4.386022984981536865e-01,1.828768700361251831e-01,-3.629034459590911865e-01,-2.011017352342605591e-01,3.249213099479675293e-02,3.257388472557067871e-01
-4.035644233226776123e-02,-6.542300581932067871e-01,2.643623389303684235e-03,-4.096788465976715088e-01,-2.520035803318023682e-01,1.199935302138328552e-01,-8.829632401466369629e-02,-3.430475294589996338e-01,1.158109977841377258e-01,-6.551336497068405151e-02,-2.317421138286590576e-01,-4.966941475868225098e-01,7.875776290893554688e-02,4.456339180469512939e-01,-1.623069345951080322e-01,-8.893891423940658569e-02,2.636296451091766357e-01,1.694864034652709961e-01,5.521416068077087402e-01
-5.241390783339738846e-03,-1.094166040420532227e-01,1.457052975893020630e-01,1.645685583353042603e-01,-2.906982302665710449e-01,3.576701134443283081e-02,-1.096432358026504517e-01,-1.953968554735183716e-01,5.616447329521179199e-01,6.736214458942413330e-02,1.602106690406799316e-01,-9.078612178564071655e-02,6.372180581092834473e-02,-7.693538814783096313e-02,-7.299835979938507080e-02,2.657723799347877502e-02,1.465249210596084595e-01,2.752882838249206543e-01,1.218578778207302094e-02
-3.479511290788650513e-02,-7.506171823479235172e-05,-1.146572530269622803e-01,2.769661694765090942e-02,-5.075704306364059448e-02,-5.299912020564079285e-02,-2.143226414918899536e-01,-5.531843379139900208e-02,-4.561891779303550720e-02,-3.388931229710578918e-02,3.717586398124694824e-02,-1.953654289245605469e-01,-4.559833183884620667e-02,-2.933919727802276611e-01,-1.395209133625030518e-01,-3.009752370417118073e-02,7.085601240396499634e-02,8.151561953127384186e-03,2.295985817909240723e-01
6.136456876993179321e-02,-1.947786286473274231e-02,2.055572718381881714e-01,-9.453152120113372803e-02,1.039218902587890625e-01,-1.251115500926971436e-01,4.378834739327430725e-03,3.316524326801300049e-01,-7.719579152762889862e-03,-5.573650822043418884e-02,8.397746086120605469e-02,2.750861942768096924e-01,3.794626593589782715e-01,-9.379846602678298950e-02,2.260677367448806763e-01,1.504782587289810181e-01,1.221155151724815369e-01,1.846362203359603882e-01,7.565929740667343140e-02
-1.059709396213293076e-02,1.004576534032821655e-01,2.739328704774379730e-02,-6.090704724192619324e-02,-2.200832590460777283e-02,8.730365335941314697e-02,2.777232527732849121e-01,1.451034545898437500e-01,-8.665868639945983887e-02,4.985307157039642334e-01,-1.018420457839965820e-01,3.585594892501831055e-01,2.970266044139862061e-01,-2.374873161315917969e-01,1.551131457090377808e-01,1.422521770000457764e-01,-7.891368120908737183e-02,1.837801188230514526e-02,9.307653307914733887e-01
-2.493073418736457825e-02,7.387501746416091919e-02,4.554973170161247253e-02,-1.148532480001449585e-01,1.136661022901535034e-01,5.658551678061485291e-02,2.948284707963466644e-02,1.008834019303321838e-01,-2.649867534637451172e-01,-1.853055208921432495e-01,-1.879880279302597046e-01,-4.747355356812477112e-02,-8.847198486328125000e-01,1.493272334337234497e-01,2.196671664714813232e-01,-8.784539997577667236e-02,3.302568569779396057e-02,-1.762906648218631744e-02,-8.054335713386535645e-01
6.820777058601379395e-02,2.059185057878494263e-01,8.134613744914531708e-03,4.457885399460792542e-02,1.114508286118507385e-01,-1.609343886375427246e-01,2.390131652355194092e-01,2.221200242638587952e-02,1.340826135128736496e-02,2.685110270977020264e-01,-8.637255057692527771e-03,1.725753694772720337e-01,-3.060301579535007477e-02,4.156803488731384277e-01,4.477610439062118530e-02,-4.984019324183464050e-03,1.612194180488586426e-01,-3.258040547370910645e-02,-4.301948845386505127e-01
7.101535052061080933e-02,2.167090922594070435e-01,7.241895049810409546e-02,2.772216498851776123e-02,-1.512136906385421753e-01,1.637502312660217285e-01,2.556664645671844482e-01,1.249335408210754395e-01,1.609157621860504150e-01,1.702470779418945312e-01,-2.858563698828220367e-02,3.233248293399810791e-01,-7.341592013835906982e-02,-9.476509690284729004e-02,1.069566886872053146e-02,-9.499167650938034058e-02,2.504851222038269043e-01,-2.778103053569793701e-01,-9.037280082702636719e-01
2.356239110231399536e-01,3.724136948585510254e-01,4.292740225791931152e-01,7.530067563056945801e-01,-4.807034134864807129e-01,1.941151767969131470e-01,5.502249598503112793e-01,5.375916361808776855e-01,-4.656887054443359375e-01,-3.647149354219436646e-02,-4.871086683124303818e-03,-1.738310419023036957e-02,-2.353007346391677856e-01,2.244507372379302979e-01,6.179818511009216309e-01,1.302703619003295898e-01,2.803587913513183594e-02,-1.358944624662399292e-01,-1.722188591957092285e-01
1.203110367059707642e-01,6.162340641021728516e-01,5.816113352775573730e-01,1.703568249940872192e-01,2.645267359912395477e-02,4.543314874172210693e-01,1.413327008485794067e-01,1.196264177560806274e-01,1.383809447288513184e-01,2.188864052295684814e-01,-1.586471498012542725e-01,1.105593517422676086e-01,9.794171899557113647e-02,1.236073374748229980e-01,1.138838082551956177e-01,1.157316341996192932e-01,2.897774875164031982e-01,-4.377434402704238892e-02,7.602557539939880371e-01
-2.950853854417800903e-02,3.038603812456130981e-02,3.997956216335296631e-02,3.591367304325103760e-01,1.162968724966049194e-01,2.162014096975326538e-01,-2.151067927479743958e-02,-6.425985693931579590e-02,-2.959435880184173584e-01,1.345075964927673340e-01,-4.287174344062805176e-02,1.300694495439529419e-01,2.535863220691680908e-01,2.713017761707305908e-01,2.385665923357009888e-01,1.274627894163131714e-01,-2.390648983418941498e-02,-3.224231302738189697e-02,2.245064377784729004e-01
-1.050067320466041565e-02,-6.129617244005203247e-02,4.209469258785247803e-01,4.002324771136045456e-03,4.045874774456024170e-01,1.397278159856796265e-01,9.612187743186950684e-02,3.171585798263549805e-01,3.005037643015384674e-02,1.984972357749938965e-01,-2.045361548662185669e-01,-1.768572330474853516e-01,-3.080201745033264160e-01,-3.700276836752891541e-02,-2.902573347091674805e-01,-3.810996115207672119e-01,3.462126553058624268e-01,1.262847036123275757e-01,5.033706314861774445e-03
2.956882119178771973e-02,5.219045877456665039e-01,8.952348679304122925e-02,1.735214740037918091e-01,2.002126872539520264e-01,2.215149849653244019e-01,2.115185558795928955e-01,3.831430375576019287e-01,5.277247354388237000e-02,5.526727065443992615e-02,-8.793051540851593018e-02,3.185294270515441895e-01,7.901218533515930176e-02,3.274497389793395996e-01,2.819748520851135254e-01,1.871242672204971313e-01,9.954512864351272583e-02,4.235003516077995300e-02,3.206164576113224030e-03
6.227139756083488464e-02,-7.136016339063644409e-02,2.806370519101619720e-02,1.871044002473354340e-02,1.258253008127212524e-01,-9.557425975799560547e-02,9.699066728353500366e-02,7.891428656876087189e-03,1.460900753736495972e-01,-2.459343671798706055e-01,-1.147654429078102112e-01,1.250523924827575684e-01,1.289341896772384644e-01,-4.516544193029403687e-02,2.192940004169940948e-02,-1.537540256977081299e-01,-3.201445639133453369e-01,4.282948374748229980e-02,2.144789248704910278e-01
7.090876251459121704e-02,2.154461592435836792e-01,2.999124526977539062e-01,-2.948940731585025787e-02,3.519925847649574280e-02,1.535037998110055923e-02,-3.654400259256362915e-02,2.212730981409549713e-02,3.393017947673797607e-01,-1.801419705152511597e-01,-7.908029854297637939e-02,1.620823740959167480e-01,-4.829242527484893799e-01,3.003916740417480469e-01,6.256854534149169922e-02,-2.366945147514343262e-01,-9.692747890949249268e-02,1.524814814329147339e-01,-1.475288439542055130e-02
-1.906836777925491333e-02,1.654202193021774292e-01,5.353331100195646286e-03,-3.226448968052864075e-02,3.376186266541481018e-02,-1.153051201254129410e-02,-1.519142836332321167e-02,9.036236256361007690e-02,-4.779753461480140686e-02,2.198571525514125824e-02,-5.954679567366838455e-03,7.612481713294982910e-02,-5.003371462225914001e-02,-2.006957828998565674e-01,1.917823962867259979e-02,-2.944730781018733978e-02,-1.432828009128570557e-01,1.673410087823867798e-01,-1.432351917028427124e-01
2.692835591733455658e-02,1.602282226085662842e-01,-1.369242370128631592e-01,3.284310922026634216e-02,-2.017493546009063721e-01,-6.391061097383499146e-02,9.275607764720916748e-02,2.495393902063369751e-01,4.228974282741546631e-01,-1.945065259933471680e-01,1.458430290222167969e-01,1.360270380973815918e-01,7.542991638183593750e-02,5.071596056222915649e-02,4.497998356819152832e-01,5.404461175203323364e-02,-1.053838804364204407e-01,7.643599808216094971e-02,1.105261500924825668e-02
5.544408410787582397e-02,2.992186136543750763e-02,-7.204378396272659302e-02,-3.445417806506156921e-02,-1.359877455979585648e-02,-3.678433299064636230e-01,3.030876517295837402e-01,2.000499963760375977e-01,2.521543502807617188e-01,-1.638115048408508301e-01,-3.176800310611724854e-01,3.844492137432098389e-01,-1.201421320438385010e-01,1.433478742837905884e-01,4.898339509963989258e-01,2.397031635046005249e-01,3.528587520122528076e-01,-3.309556469321250916e-02,-1.260921061038970947e-01
-6.483836472034454346e-02,-2.124427706003189087e-01,8.320293575525283813e-02,-2.357824146747589111e-02,-1.192591339349746704e-02,1.192558556795120239e-01,1.555026769638061523e-01,3.262998163700103760e-02,6.290915608406066895e-02,-4.392221570014953613e-02,-2.828386425971984863e-01,-8.744649589061737061e-02,-1.130202971398830414e-02,2.714390121400356293e-02,-1.205881536006927490e-01,-1.626565307378768921e-01,1.535563170909881592e-02,-1.191604211926460266e-01,9.931575506925582886e-02
-4.164897277951240540e-02,-5.842967703938484192e-02,1.727877184748649597e-02,3.230364620685577393e-01,-5.185394287109375000e-01,-9.043048322200775146e-02,-1.446711570024490356e-01,-1.098754536360502243e-02,5.293518304824829102e-01,1.264310777187347412e-01,2.099281251430511475e-01,7.164993789047002792e-03,2.672715485095977783e-01,-1.219890639185905457e-01,-1.101798377931118011e-03,1.489716395735740662e-02,1.915787309408187866e-01,-2.665621042251586914e-02,-2.698980830609798431e-02
-1.611849367618560791e-01,-2.043813001364469528e-03,2.728450053837150335e-04,-3.828742727637290955e-02,-7.396512478590011597e-02,-6.218124553561210632e-02,-8.171568624675273895e-03,-1.771815419197082520e-01,2.156080445274710655e-03,-3.344539552927017212e-02,-6.070697214454412460e-03,-8.802504837512969971e-02,4.229096323251724243e-02,-1.061935424804687500e-01,-7.783401012420654297e-02,-2.120747268199920654e-01,3.713916614651679993e-02,2.248164080083370209e-02,8.914081845432519913e-04
-2.681960351765155792e-02,-6.850998103618621826e-02,5.769967660307884216e-02,1.161566376686096191e-01,-3.454560064710676670e-04,5.262137576937675476e-02,1.779786199331283569e-01,-1.555270422250032425e-02,-2.294872105121612549e-01,-4.103239178657531738e-01,-9.601484984159469604e-02,-2.848507761955261230e-01,-1.624496877193450928e-01,-5.473531037569046021e-02,-5.313761532306671143e-03,-1.213590726256370544e-01,-1.637314856052398682e-01,4.878631979227066040e-02,-3.852362558245658875e-02
2.336489036679267883e-02,1.023376709781587124e-03,-3.432016447186470032e-02,-2.969488035887479782e-03,-1.815726421773433685e-02,5.053711682558059692e-02,-2.482469938695430756e-02,1.405160059221088886e-03,9.388321195729076862e-04,1.903397887945175171e-01,-5.168363451957702637e-02,3.390350639820098877e-01,-2.126732617616653442e-01,-3.966247439384460449e-01,-9.646838158369064331e-02,-1.370675861835479736e-01,-7.112852483987808228e-02,-1.063465978950262070e-02,4.710149765014648438e+00
3.462835401296615601e-02,-1.011785212904214859e-02,-4.013177379965782166e-02,8.645244874060153961e-03,9.048456326127052307e-03,6.367465108633041382e-02,9.775551036000251770e-03,2.336000092327594757e-03,6.639241427183151245e-02,5.283728986978530884e-02,-8.967773616313934326e-02,3.124586343765258789e-01,-2.313715070486068726e-01,-3.044176995754241943e-01,-5.396805331110954285e-02,-2.380813211202621460e-01,2.769003249704837799e-02,6.461086682975292206e-03,-4.259569644927978516e+00
-4.914965853095054626e-02,1.389313489198684692e-01,-3.718585968017578125e-01,4.483666270971298218e-02,-1.820267587900161743e-01,9.690126031637191772e-02,-2.039058208465576172e-01,-1.011393498629331589e-02,9.451858699321746826e-02,-4.807827770709991455e-01,2.632524967193603516e-01,1.927192807197570801e-01,2.882639467716217041e-01,-1.497184187173843384e-01,1.745833009481430054e-01,1.996788680553436279e-01,-1.892761737108230591e-01,-2.174963243305683136e-02,1.050093293190002441e+00
3.210387378931045532e-02,1.097366064786911011e-01,-1.321385353803634644e-01,-3.735499922186136246e-03,8.222907036542892456e-02,-9.482730180025100708e-02,-6.108559295535087585e-02,1.608549356460571289e-01,-1.587491035461425781e-01,-3.040311858057975769e-02,3.879665210843086243e-02,1.463231891393661499e-01,-1.404811143875122070e-01,-1.181860566139221191e-01,4.871555045247077942e-02,-1.596883125603199005e-02,-1.166440248489379883e-01,-6.025152280926704407e-02,-9.492983222007751465e-01
-6.380149628967046738e-03,-1.425178796052932739e-01,-2.443736642599105835e-01,-4.610623121261596680e-01,7.494036853313446045e-02,-1.468902230262756348e-01,-3.763308823108673096e-01,1.385708153247833252e-01,8.006726503372192383e-01,3.619716688990592957e-02,-9.860162436962127686e-02,3.656748682260513306e-03,-1.718777418136596680e-01,9.046495705842971802e-02,5.186015367507934570e-02,-7.091344147920608521e-02,3.300327342003583908e-03,1.156546398997306824e-01,1.722982078790664673e-01
-3.456668555736541748e-02,-7.619828730821609497e-02,3.163723647594451904e-02,-1.769280284643173218e-01,-1.967409253120422363e-01,-1.803342849016189575e-01,-4.254060611128807068e-02,-9.815505146980285645e-02,4.554927647113800049e-01,2.283823341131210327e-01,-1.007002294063568115e-01,9.486238658428192139e-02,-2.393180578947067261e-01,1.738137379288673401e-02,-6.190002337098121643e-02,-1.553155183792114258e-01,2.448706030845642090e-01,-2.384858019649982452e-02,-2.856367826461791992e-01
-4.569659754633903503e-02,-1.511925905942916870e-01,-1.308360397815704346e-01,-1.514336019754409790e-01,-2.340197265148162842e-01,6.352200359106063843e-02,-1.258599162101745605e-01,1.251911371946334839e-02,1.535170078277587891e-01,-4.392856732010841370e-02,3.199832886457443237e-02,-2.475741058588027954e-01,7.307285815477371216e-02,2.005122452974319458e-01,5.327521264553070068e-02,2.296636812388896942e-02,1.260833293199539185e-01,-5.086710676550865173e-02,-1.604513525962829590e+00
1.960346102714538574e-02,-6.456750631332397461e-02,2.770934812724590302e-02,-1.118469908833503723e-01,-7.943418808281421661e-03,4.979860782623291016e-02,7.866748422384262085e-02,8.068978041410446167e-02,-1.096724122762680054e-01,-1.078447178006172180e-01,1.274433284997940063e-01,-6.637237221002578735e-02,5.506709218025207520e-02,1.290607601404190063e-01,1.394860595464706421e-01,1.029786095023155212e-02,7.329956442117691040e-02,3.624118864536285400e-02,1.293703436851501465e+00
-4.451323766261339188e-03,8.424373716115951538e-02,-1.410609632730484009e-01,2.997065708041191101e-02,-8.817195147275924683e-02,1.106002628803253174e-01,-1.365792602300643921e-01,-2.400355413556098938e-02,3.148570656776428223e-02,-3.380892798304557800e-02,-1.548919547349214554e-02,-3.942371904850006104e-02,-1.941872201859951019e-02,1.752061992883682251e-01,-6.689868122339248657e-02,-5.398534610867500305e-02,-9.829941391944885254e-02,-3.151416033506393433e-02,5.526472330093383789e-01
-4.614093899726867676e-02,-1.866898685693740845e-02,-3.284014761447906494e-01,-4.667063429951667786e-02,-1.317115724086761475e-01,-1.809078454971313477e-02,-2.119942307472229004e-01,-2.377448789775371552e-02,-5.338491126894950867e-02,1.175777465105056763e-01,-2.875814735889434814e-01,-2.956981398165225983e-02,-8.495938032865524292e-02,-1.627500951290130615e-01,-1.955047100782394409e-01,-1.119894236326217651e-01,1.206695660948753357e-01,-2.939818240702152252e-02,-1.265020370483398438e-01
1.522620115429162979e-02,1.245087012648582458e-01,-5.124779790639877319e-02,3.388601541519165039e-02,1.212420314550399780e-02,1.861512660980224609e-01,-2.626290619373321533e-01,-3.663535788655281067e-02,2.354971319437026978e-02,-3.495213016867637634e-02,2.806737422943115234e-01,-4.430358409881591797e-01,6.523437052965164185e-02,-6.448721885681152344e-02,2.613190934062004089e-02,9.873116016387939453e-02,-1.495549827814102173e-01,-2.731744386255741119e-02,-8.038016557693481445e-01
2.955539710819721222e-02,-3.264731541275978088e-02,3.510997444391250610e-02,-6.903747469186782837e-02,1.618613116443157196e-02,-7.860077172517776489e-02,7.946177572011947632e-02,4.317028447985649109e-02,-1.490796953439712524e-01,-3.581390157341957092e-02,-6.608315277844667435e-03,-9.086912870407104492e-02,-6.353763490915298462e-02,5.617523938417434692e-02,1.117853894829750061e-01,9.592191129922866821e-02,6.846478581428527832e-02,-1.447246875613927841e-02,-1.944100260734558105e+00
-1.334425900131464005e-02,3.176741600036621094e-01,-2.270187139511108398e-01,1.767632551491260529e-02,1.007441505789756775e-01,8.505502343177795410e-02,-2.433587610721588135e-01,6.531695276498794556e-02,2.180600911378860474e-01,-6.909324228763580322e-02,-2.682896796613931656e-03,-1.890316419303417206e-02,-1.533196568489074707e-01,-1.100068911910057068e-01,-9.441362321376800537e-02,-4.182346910238265991e-02,-1.031456068158149719e-01,-1.538104750216007233e-02,-1.604200124740600586e+00
4.751210100948810577e-03,-1.209678873419761658e-01,-9.713432192802429199e-02,-9.325250983238220215e-02,-1.962996320798993111e-03,1.275264024734497070e-01,8.400646969676017761e-03,-1.008413657546043396e-01,2.307377196848392487e-02,-8.413939923048019409e-02,2.114195078611373901e-01,-1.901075989007949829e-01,-6.489560753107070923e-02,1.538050174713134766e-01,-1.899590492248535156e-01,1.168203428387641907e-01,4.507351666688919067e-02,2.005470171570777893e-02,2.907511711120605469e+00
3.007774800062179565e-02,-3.537033200263977051e-01,1.339859962463378906e-01,-2.384602874517440796e-01,-6.265994161367416382e-02,1.155691519379615784e-01,8.449815958738327026e-02,-1.333555430173873901e-01,-1.086224243044853210e-01,-1.714664250612258911e-01,2.386051118373870850e-01,3.446232876740396023e-04,-1.536959111690521240e-01,-1.847051531076431274e-01,-6.216381862759590149e-02,-1.262637525796890259e-01,-8.017428964376449585e-02,6.421127170324325562e-02,-1.084091424942016602e+00
-6.080030929297208786e-03,6.437599658966064453e-02,7.368133962154388428e-02,1.796330064535140991e-01,-6.807347387075424194e-02,-1.069349795579910278e-01,1.567402482032775879e-01,1.925460249185562134e-01,-2.648170851171016693e-02,3.184163942933082581e-02,-1.613643206655979156e-02,-2.807299606502056122e-02,-2.061063051223754883e-02,-9.166670963168144226e-03,-3.027854487299919128e-03,7.830586284399032593e-02,1.676931604743003845e-02,-5.173388123512268066e-02,-1.767231076955795288e-01
1.964538916945457458e-02,-1.970985718071460724e-02,-1.557994075119495392e-02,1.062952820211648941e-02,1.646789954975247383e-03,2.387034706771373749e-02,-1.207263674587011337e-02,-8.453016169369220734e-03,-8.619484305381774902e-02,5.825251713395118713e-02,-8.061337471008300781e-02,-7.756631076335906982e-02,-5.882170423865318298e-02,-2.814902663230895996e-01,6.203851476311683655e-02,1.180049851536750793e-01,1.302216351032257080e-01,4.535157233476638794e-03,3.160870671272277832e-01
7.859878987073898315e-02,7.295881956815719604e-02,3.901039436459541321e-02,-1.701108366250991821e-02,6.166795641183853149e-02,-1.660297214984893799e-01,-1.217228360474109650e-02,1.215098425745964050e-01,1.022878959774971008e-01,-3.717362135648727417e-02,-1.655870527029037476e-01,-7.242161035537719727e-02,-1.674335896968841553e-01,-3.458188474178314209e-02,1.544224768877029419e-01,-1.483158916234970093e-01,7.627019286155700684e-02,1.602270752191543579e-01,-2.128667011857032776e-02
3.235005438327789307e-01,6.240052357316017151e-02,3.070271313190460205e-01,2.831623191013932228e-03,-5.354776605963706970e-02,2.104708403348922729e-01,8.019354194402694702e-02,5.041764816269278526e-04,4.518430680036544800e-02,-5.610237270593643188e-02,5.135612189769744873e-02,-3.279557451605796814e-02,3.735679686069488525e-01,-1.683007031679153442e-01,1.585734039545059204e-01,-1.226491183042526245e-01,-2.874917387962341309e-01,9.719832241535186768e-02,-4.063922539353370667e-02
1.054440531879663467e-02,4.637399688363075256e-02,1.198112890124320984e-01,1.720635890960693359e-01,-3.531733900308609009e-02,7.681321818381547928e-03,9.423860162496566772e-02,-8.466378599405288696e-02,-1.895338147878646851e-01,1.045535504817962646e-01,7.121169567108154297e-02,1.068202972412109375e+00,2.495538443326950073e-02,5.914070010185241699e-01,2.381943017244338989e-01,8.549870923161506653e-03,3.021697700023651123e-01,-8.477458357810974121e-02,5.043932422995567322e-02
2.659033536911010742e-01,1.866085827350616455e-02,5.010926350951194763e-02,6.200044602155685425e-02,-8.281751535832881927e-03,2.156520634889602661e-01,2.358032912015914917e-01,4.257506504654884338e-02,4.803850501775741577e-02,1.502427831292152405e-02,-2.002307921648025513e-01,-4.984877537935972214e-03,5.369283258914947510e-02,1.162577345967292786e-01,1.552851647138595581e-01,-1.011674925684928894e-01,9.391150623559951782e-02,1.357836741954088211e-02,-2.532073669135570526e-02
1.649494767189025879e-01,1.886063218116760254e-01,1.388512104749679565e-01,2.313467413187026978e-01,1.530845463275909424e-01,2.998793423175811768e-01,1.974892020225524902e-01,1.540774255990982056e-01,1.054762378334999084e-01,1.800797879695892334e-02,-2.129931375384330750e-02,9.607231616973876953e-01,-2.595688104629516602e-01,7.772872596979141235e-02,-3.080991562455892563e-03,-8.140549808740615845e-02,8.203079551458358765e-02,-7.545864675194025040e-03,1.102269234252162278e-04
3.925839960575103760e-01,-2.789585414575412869e-05,2.746549667790532112e-03,-2.085610060021281242e-03,-2.641456127166748047e-01,1.443770229816436768e-01,7.434839010238647461e-02,-3.515248894691467285e-01,-9.307552827522158623e-04,-4.542171955108642578e-03,-1.193789690732955933e-01,-4.421538114547729492e-01,1.573836058378219604e-02,-4.199551641941070557e-01,-1.859866678714752197e-01,-2.354019284248352051e-01,-3.108659945428371429e-02,-1.778790056705474854e-01,1.091911698836156575e-07
2.080171704292297363e-01,7.236877828836441040e-02,3.523656129837036133e-01,3.343622386455535889e-01,5.463344231247901917e-02,2.241151928901672363e-01,1.654587090015411377e-01,2.106083631515502930e-01,-1.569269597530364990e-02,5.641307681798934937e-03,-8.024086803197860718e-02,-2.400489300489425659e-01,1.793081462383270264e-01,8.262636512517929077e-02,2.537227571010589600e-01,8.919718861579895020e-02,2.358148843050003052e-01,2.240980267524719238e-01,1.320390496402978897e-03
1.325821727514266968e-01,3.062419593334197998e-01,9.323180466890335083e-02,1.230286881327629089e-01,5.689066275954246521e-02,-4.657824710011482239e-02,6.478686630725860596e-02,-5.113376304507255554e-02,-5.001464486122131348e-02,1.872998662292957306e-02,5.391588062047958374e-02,8.370566368103027344e-02,-5.809758231043815613e-02,2.253976613283157349e-01,2.173569351434707642e-01,1.331204622983932495e-01,-6.410881131887435913e-02,-4.068356007337570190e-03,-2.973555820062756538e-03
1.598448306322097778e-01,6.054350160411559045e-05,9.313531219959259033e-02,1.102768331766128540e-01,2.891658842563629150e-01,2.430666983127593994e-01,5.661067739129066467e-02,1.206797361373901367e-01,-4.115765914320945740e-04,9.770602732896804810e-02,-1.168986558914184570e-01,-3.458537161350250244e-01,1.222315523773431778e-02,2.275120019912719727e-01,-5.891434103250503540e-02,-1.662073433399200439e-01,2.240654230117797852e-01,2.906975746154785156e-01,1.102434907807037234e-04
1.851210556924343109e-02,2.138188108801841736e-02,3.686240315437316895e-01,-2.981561049818992615e-02,6.017879582941532135e-03,6.215713024139404297e-01,1.414116024971008301e-01,8.867812901735305786e-02,1.244116872549057007e-01,-1.016998067498207092e-01,2.148020863533020020e-01,3.313712775707244873e-01,-4.923575371503829956e-02,-5.679708123207092285e-01,1.182324960827827454e-01,4.201917722821235657e-02,-1.163482517004013062e-01,-5.828130245208740234e-02,2.359510660171508789e-01
2.261387705802917480e-01,-1.462785452604293823e-01,1.690511405467987061e-02,4.905109107494354248e-02,-2.905650623142719269e-02,-2.146567404270172119e-02,1.329170465469360352e-01,5.205485597252845764e-02,1.430413424968719482e-01,-2.846527695655822754e-01,1.176080927252769470e-01,1.771110109984874725e-02,2.240511029958724976e-02,1.729753762483596802e-01,1.037838384509086609e-01,2.867682278156280518e-01,-2.862576544284820557e-01,3.757490590214729309e-02,2.031263858079910278e-01
3.742323815822601318e-01,6.437011808156967163e-02,6.301324814558029175e-02,2.635155804455280304e-02,7.057314738631248474e-03,2.224432975053787231e-01,-3.477691789157688618e-04,3.388162702322006226e-02,2.847136056516319513e-05,6.788266450166702271e-02,-1.371459662914276123e-01,1.147243976593017578e-01,2.112174220383167267e-02,1.226125098764896393e-02,1.902075484395027161e-02,-9.268365800380706787e-02,8.052130788564682007e-02,1.897626668214797974e-01,5.510179835255257785e-05
-3.762044943869113922e-03,1.247749552130699158e-01,2.152310609817504883e-01,4.973671957850456238e-02,-9.092529304325580597e-03,-3.424336016178131104e-02,6.686097383499145508e-02,-3.035321459174156189e-02,2.059351652860641479e-02,-5.036269873380661011e-02,5.156762152910232544e-02,3.663773834705352783e-01,-4.622191563248634338e-02,-9.693787246942520142e-02,2.470164448022842407e-01,7.203578203916549683e-02,-1.242446228861808777e-01,6.609893590211868286e-02,4.431370273232460022e-02
3.531420528888702393e-01,1.959373354911804199e-01,-7.183253299444913864e-03,2.796114422380924225e-02,-3.366111218929290771e-02,-4.212470725178718567e-02,5.575397610664367676e-02,2.015884369611740112e-01,-4.174233973026275635e-02,-1.946141272783279419e-01,-2.623079530894756317e-02,-3.566495776176452637e-01,9.050536155700683594e-02,-2.515015006065368652e-02,2.711130678653717041e-01,9.256239980459213257e-02,-3.587283790111541748e-01,1.069049015641212463e-01,1.976302126422524452e-03
2.083878219127655029e-01,-6.442765891551971436e-02,6.322059780359268188e-02,1.453741788864135742e-01,2.095412611961364746e-01,1.163501441478729248e-01,5.393719673156738281e-02,1.717509776353836060e-01,3.101474232971668243e-02,-2.693366706371307373e-01,1.336652189493179321e-01,1.606362126767635345e-02,-2.231216523796319962e-03,3.481417149305343628e-02,3.524487614631652832e-01,2.535736262798309326e-01,-5.619170516729354858e-02,-4.465892910957336426e-02,-2.085477858781814575e-02
8.565700799226760864e-02,-2.554641067981719971e-01,-1.788670942187309265e-02,-2.732261419296264648e-01,3.746448317542672157e-03,1.150158494710922241e-01,-9.065511636435985565e-03,1.643059849739074707e-01,6.890216376632452011e-03,-9.774978458881378174e-02,-4.911977425217628479e-02,1.015930995345115662e-01,-7.642621546983718872e-02,9.064918011426925659e-02,-2.572467029094696045e-01,-2.106686830520629883e-01,-3.709121083375066519e-04,-2.823013439774513245e-02,1.140657365322113037e-01
-7.596727926284074783e-03,-1.845568120479583740e-01,8.665630221366882324e-02,2.678709030151367188e-01,-8.129873275756835938e-01,-1.888004541397094727e-01,-2.200611531734466553e-01,-4.183485805988311768e-01,4.163094162940979004e-01,-4.377197101712226868e-02,4.103039577603340149e-02,-1.007495671510696411e-01,1.342006176710128784e-01,-8.936444669961929321e-02,-1.850881054997444153e-02,-5.134089291095733643e-02,-4.252518713474273682e-02,-6.250002980232238770e-02,-4.132013395428657532e-02
7.075753062963485718e-02,5.711081903427839279e-03,5.008530616760253906e-02,2.895930595695972443e-02,-5.549956485629081726e-02,1.632701605558395386e-01,-3.596407547593116760e-02,-2.855261415243148804e-02,-3.169280476868152618e-03,2.363572642207145691e-02,1.396055519580841064e-01,-2.080284804105758667e-02,2.872519753873348236e-02,-4.787928760051727295e-01,-6.943468749523162842e-02,-1.962643302977085114e-02,2.929089777171611786e-02,-2.061069244518876076e-03,1.618955731391906738e-01
