-8.148828101184335537e-08,-1.429137341801833827e-08,8.521645665168762207e-01,-2.327211490182889975e-08,1.014767576634767465e-07,-4.959521149316969968e-08,1.542968597334493097e-08,-5.124745516837947434e-09,3.404680192470550537e-01,-1.588117033243179321e-01,2.283947253545193234e-08,3.951381088995731261e-08,2.021068468138764729e-08,-3.742473708712168445e-08,-6.142182229496029322e-08,-1.256911019709150423e-08,-5.854711915276311629e-08,-5.211711595620727167e-08,-1.034878422956353461e-07,-1.697901375052879303e-08,8.737743684150700574e-08,-2.035282697931961593e-08,7.582454085350036621e-01,-1.089239276552689262e-08,-4.598727443294592376e-08,3.218174171593091160e-08,-5.664349700396087428e-08,-7.158219972325241542e-08,-1.538023930436338560e-08,-1.777019598137030698e-08,7.466631757324648788e-08,-3.637190104655019240e-08
-1.482194562640870572e-07,-2.023664613659548195e-08,9.625414013862609863e-01,-3.223797406803896592e-08,1.660021098359720781e-07,-7.343718522179187858e-08,2.120798647808896931e-08,-6.924164797084131351e-09,5.048409104347229004e-01,-2.548134028911590576e-01,3.460561615042934136e-08,7.791836509341010242e-08,3.714215068839621381e-08,-5.060464403072728601e-08,-9.905053133252295083e-08,-1.388831449844474264e-08,-7.900346332689878182e-08,-9.467928663298152969e-08,-1.610576845223476994e-07,-2.636968510216775030e-08,1.505443947280582506e-07,-2.917088259835054487e-08,9.163824915885925293e-01,-2.036625268431180302e-08,-8.370231086018975475e-08,4.823054666758253006e-08,-7.203365015584495268e-08,-1.113691610044043045e-07,-1.056986320691066794e-08,-4.676761378163973859e-08,1.334738470859520021e-07,-4.334070169420556340e-08
-6.598012447511791834e-08,-1.300869367781842811e-08,7.984178066253662109e-01,-2.115507946598427225e-08,8.641239190865235287e-08,-4.400405728688383533e-08,1.397273763359407894e-08,-4.894092686669182513e-09,2.982563376426696777e-01,-1.358550488948822021e-01,2.015447186920482636e-08,3.057309427845211758e-08,1.634779067671843222e-08,-3.453680008647097566e-08,-5.255208179733017460e-08,-1.229404578140247395e-08,-5.390238655422763259e-08,-4.204474990388007427e-08,-9.007143830785935279e-08,-1.478185840397827633e-08,7.253759548575544613e-08,-1.825719309067608265e-08,6.949073672294616699e-01,-8.706595444607501122e-09,-3.709989471190056065e-08,2.845292179642910924e-08,-5.294715776926750550e-08,-6.216477999032576918e-08,-1.632874635504322214e-08,-1.085614709239735021e-08,6.113330641710490454e-08,-3.481161670038090961e-08
-2.149866560330337961e-07,-2.487055894562217873e-08,9.893117547035217285e-01,-4.093462635523792414e-08,2.290717446840062621e-07,-9.642783282970412984e-08,2.668416065887413424e-08,-7.227540788079522827e-09,6.374480128288269043e-01,-3.449736535549163818e-01,4.541028530979929201e-08,1.164593754765519407e-07,5.463519769932645431e-08,-6.317910816733274260e-08,-1.360152026563810068e-07,-1.471746546855001725e-08,-9.797641808972912258e-08,-1.379485041752559482e-07,-2.167323600588133559e-07,-3.555864225290861214e-08,2.140353103641245980e-07,-3.865741859954141546e-08,9.711098670959472656e-01,-2.952722866211843211e-08,-1.213551144019220374e-07,6.371066518795487355e-08,-8.661941564014341566e-08,-1.511776304141676519e-07,-6.020179466048602990e-09,-7.555541259307574364e-08,1.922181382951748674e-07,-4.996257985112606548e-08
-1.135130602847311820e-07,-1.744349553689517052e-08,9.238311648368835449e-01,-2.763465545285725966e-08,1.327682497276327922e-07,-6.122862572510712198e-08,1.826127871140670322e-08,-6.298070065469119072e-09,4.234273433685302734e-01,-2.056536078453063965e-01,2.870298487778200069e-08,5.792836077489482705e-08,2.824396894141045777e-08,-4.389242391766856599e-08,-7.963031833924105740e-08,-1.330414800548851417e-08,-6.867125534881779458e-08,-7.242097410653514089e-08,-1.315316495720253442e-07,-2.153334399679351918e-08,1.176361479338083882e-07,-2.442295077287326421e-08,8.541215062141418457e-01,-1.552020201245341013e-08,-6.410129316236634622e-08,4.001931230845912069e-08,-6.421925746735723806e-08,-9.069202633327222429e-08,-1.302435048700090192e-08,-3.173873963646656193e-08,1.028994986995712679e-07,-3.981253371421189513e-08
-7.133990465035822126e-08,-1.312629915872776110e-08,8.178464770317077637e-01,-2.185414160749132861e-08,9.137005463344394229e-08,-4.579197465659490263e-08,1.449302544642705470e-08,-4.601362402212316738e-09,3.125657141208648682e-01,-1.436318010091781616e-01,2.085999462053678144e-08,3.367991396885372524e-08,1.771226543212378601e-08,-3.530364622861270618e-08,-5.555478210794717597e-08,-1.228258383889624383e-08,-5.518339563082008681e-08,-4.572338241359830135e-08,-9.436293879616641789e-08,-1.550558614837882487e-08,7.780116817457383149e-08,-1.915904235261223221e-08,7.172357439994812012e-01,-9.374822695917828241e-09,-4.022800226266554091e-08,2.961611045293466304e-08,-5.411789061326999217e-08,-6.549583275727854925e-08,-1.613355138374572562e-08,-1.329532306471037373e-08,6.572803812332494999e-08,-3.522606206729506084e-08
-1.283524397877044976e-07,-1.869457477710056992e-08,9.438900351524353027e-01,-2.961394329759059474e-08,1.470386479240914923e-07,-6.648343031656622770e-08,1.953154971090498293e-08,-6.629418791703756142e-09,4.592990875244140625e-01,-2.268642634153366089e-01,3.126796244146134995e-08,6.647074002330555231e-08,3.202904608201606607e-08,-4.679068510426986904e-08,-8.796020978252272471e-08,-1.357420043035517665e-08,-7.315124861406729906e-08,-8.190867362145581865e-08,-1.442346757585255546e-07,-2.360960671410339273e-08,1.316925164474014309e-07,-2.642376273342961213e-08,8.849403262138366699e-01,-1.760629508851252467e-08,-7.248303290907642804e-08,4.355464966465660837e-08,-6.759297122016505455e-08,-9.953149771035896265e-08,-1.196198962105654573e-08,-3.817119775817445770e-08,1.159772082814924943e-07,-4.133837094855152827e-08
-5.947168801867519505e-08,-1.164885077287181048e-08,7.681290507316589355e-01,-2.017021039080191258e-08,7.941296331637204275e-08,-4.125719144099093683e-08,1.336653365768825097e-08,-3.896071021358693542e-09,2.789525985717773438e-01,-1.256604939699172974e-01,1.846058950150109013e-08,2.685383115874628857e-08,1.482120826068467068e-08,-3.277763838127611962e-08,-4.861868774241884239e-08,-1.191197451788639228e-08,-5.115069257044524420e-08,-3.825840977356165240e-08,-8.352267144573488622e-08,-1.375933766922798895e-08,6.659988116552995052e-08,-1.783291203594217222e-08,6.614617705345153809e-01,-7.561244075304784928e-09,-3.347277299781126203e-08,2.655511188720538485e-08,-5.106670997179207916e-08,-5.834452920794319652e-08,-1.700798613057941111e-08,-8.017409847127510147e-09,5.528898228135403770e-08,-3.384703362030450080e-08
1.522954917732022295e-08,1.595549470323476271e-09,1.175640448927879333e-01,-8.767001347109726339e-09,-4.401013720123359008e-10,-9.688153390641218721e-09,5.329440000423346646e-09,3.454997843377327627e-09,4.382843896746635437e-02,-6.429506931453943253e-03,4.815495224796961793e-10,-1.641043212430304266e-08,-2.592729364536694447e-09,-1.519833148222460295e-08,-2.440158519689816785e-09,-8.418080454930532142e-09,-2.270014931582409190e-08,8.644193805196209723e-09,-9.666440980993229459e-09,-1.941937499694290636e-09,-4.127815866894479768e-09,-1.202146382439650552e-08,8.644715696573257446e-02,5.313228967906979960e-09,9.753822638458586880e-09,5.138038883245599209e-09,-2.843242619121610915e-08,-1.205839605944447612e-08,-2.215015193485214695e-08,2.680529043175283732e-08,-9.891830465846851439e-09,-2.377215935212007025e-08
-1.052792981681704987e-07,-1.703501517624772532e-08,9.099410176277160645e-01,-2.653406561137217068e-08,1.249648704515493591e-07,-5.837183536527845718e-08,1.746371225408438477e-08,-6.495298965347728881e-09,4.030089676380157471e-01,-1.938155442476272583e-01,2.746190297386874590e-08,5.316579176906088833e-08,2.617526284609539289e-08,-4.256223462562047644e-08,-7.496000620221821009e-08,-1.324734810737027146e-08,-6.647864836395456223e-08,-6.689530351877692738e-08,-1.246844192337448476e-07,-2.039406687970313214e-08,1.096325661364971893e-07,-2.316289737791521475e-08,8.340689539909362793e-01,-1.443123309741167759e-08,-5.932525581897607481e-08,3.814080784536599822e-08,-6.233130278587850626e-08,-8.561365660852970905e-08,-1.340418886996985748e-08,-2.801082921166653250e-08,9.579389370628632605e-08,-3.909043044814097811e-08
-1.045606552452227334e-07,-1.668357718642710097e-08,9.084982872009277344e-01,-2.643175633920691325e-08,1.241279363739522523e-07,-5.803925873237858468e-08,1.747453204359317169e-08,-6.103016758629564720e-09,4.010626077651977539e-01,-1.927283257246017456e-01,2.714853586383014772e-08,5.277457759689241357e-08,2.597818138383445330e-08,-4.215992177591942891e-08,-7.457762762896891218e-08,-1.313872832753304465e-08,-6.596238932843334624e-08,-6.668153673672350124e-08,-1.238352353993832367e-07,-2.027578460683798767e-08,1.091379999706987292e-07,-2.321896630519404425e-08,8.319883346557617188e-01,-1.425940610033649136e-08,-5.902660049628138950e-08,3.787832625334885961e-08,-6.215545766963259666e-08,-8.533510253982967697e-08,-1.364529111924639437e-08,-2.783050057075797667e-08,9.502755204948698520e-08,-3.889476118956736173e-08
-3.547079430177291215e-08,-8.462988532187409874e-09,6.293551921844482422e-01,-1.670478333437586116e-08,5.493311405757594912e-08,-3.188531749742651300e-08,1.098988278158685716e-08,-2.376188801278544815e-09,2.082112580537796021e-01,-8.874415606260299683e-02,1.345570055377720564e-08,1.302181829032633686e-08,9.041985826740983612e-09,-2.763509598935343092e-08,-3.439290097162484017e-08,-1.110714809016144500e-08,-4.286262011987673759e-08,-2.308742352852277691e-08,-6.125343787743986468e-08,-1.017202766462332875e-08,4.386820862123386178e-08,-1.528830217978338624e-08,5.208737850189208984e-01,-3.809484727668177584e-09,-1.972156660201562772e-08,2.023465661693535367e-08,-4.464183689378842246e-08,-4.373535844592879585e-08,-1.868480836719754734e-08,2.821914035777695062e-09,3.426413286433671601e-08,-3.099484757740356144e-08
-1.296000107231520815e-07,-1.902094481920357794e-08,9.454153180122375488e-01,-2.976823587630406109e-08,1.482934237628796836e-07,-6.695006504742195830e-08,1.954087203159815544e-08,-6.963907228652033155e-09,4.622559547424316406e-01,-2.286126166582107544e-01,3.162018913371866802e-08,6.717118594679050148e-08,3.239412293964960554e-08,-4.727364810719336674e-08,-8.859072408995416481e-08,-1.366752666598358701e-08,-7.375201960257982137e-08,-8.248279215194997960e-08,-1.454240958764785319e-07,-2.378873631414535339e-08,1.326920369137951639e-07,-2.647568919655896025e-08,8.873738646507263184e-01,-1.783409864231089159e-08,-7.306739036039289203e-08,4.390895469441602472e-08,-6.783192674220117624e-08,-1.001100358166695514e-07,-1.168418251040748146e-08,-3.855462438195900177e-08,1.172159258544525073e-07,-4.156948207878485846e-08
-2.250397841407902888e-07,-2.548358146725604456e-08,9.909310936927795410e-01,-4.225123362289195939e-08,2.385513084846024867e-07,-9.988161764340475202e-08,2.754948980054905405e-08,-7.148123426503616429e-09,6.548148989677429199e-01,-3.580747544765472412e-01,4.698499012079082604e-08,1.222695829028452863e-07,5.725335938677744707e-08,-6.497503335367582622e-08,-1.416129578046820825e-07,-1.481325551111467576e-08,-1.007424543786328286e-07,-1.445587400894510210e-07,-2.250709059126165812e-07,-3.694114525387703907e-08,2.236704403912881389e-07,-4.012907695027934096e-08,9.752626419067382812e-01,-3.088743127932502830e-08,-1.270731218028231524e-07,6.602127200494578574e-08,-8.883932878234190866e-08,-1.572436900687534944e-07,-5.414303672068854212e-09,-7.995617323786063935e-08,2.010026349807958468e-07,-5.092367771908357099e-08
-6.468327740094537148e-08,-1.232740398648957125e-08,7.914326190948486328e-01,-2.091485207245113997e-08,8.469421430845613941e-08,-4.326754421413170348e-08,1.386551407023262072e-08,-4.233410511034207957e-09,2.938661277294158936e-01,-1.335907727479934692e-01,1.953549322308845149e-08,2.985145286515944463e-08,1.608501953853647137e-08,-3.390229252886456379e-08,-5.167864358668339264e-08,-1.208406530395222944e-08,-5.294839411362772807e-08,-4.152792598688392900e-08,-8.832184761331518530e-08,-1.453113451788112798e-08,7.151442815711561707e-08,-1.839771890388419706e-08,6.871218681335449219e-01,-8.367005754905676440e-09,-3.644040802441850246e-08,2.791342090802118037e-08,-5.242601730515161762e-08,-6.148768250113789691e-08,-1.662058757290196809e-08,-1.034058794147085791e-08,5.987354967373903492e-08,-3.446325536060612649e-08
-9.700836045567484689e-08,-1.626784396080438455e-08,8.932500481605529785e-01,-2.542131305460770818e-08,1.169497636510641314e-07,-5.540782410662359325e-08,1.675313221483065718e-08,-6.230931770545566906e-09,3.819051682949066162e-01,-1.818063706159591675e-01,2.598346071636115084e-08,4.840932277261345007e-08,2.407872123910692608e-08,-4.090291483294095087e-08,-7.029672843827938777e-08,-1.307316654930446020e-08,-6.390908424691588152e-08,-6.164771804151314427e-08,-1.175216155502312176e-07,-1.922827941314153577e-08,1.018229909277579281e-07,-2.208482108301268454e-08,8.110284209251403809e-01,-1.325054199696751311e-08,-5.466091934636096994e-08,3.614237797933128604e-08,-6.042187550292510423e-08,-8.069800827570361434e-08,-1.402034399689000566e-08,-2.442952684589272394e-08,8.849135468835811480e-08,-3.821520166980008071e-08
-1.482194562640870572e-07,-2.023664613659548195e-08,9.625414013862609863e-01,-3.223797406803896592e-08,1.660021098359720781e-07,-7.343718522179187858e-08,2.120798647808896931e-08,-6.924164797084131351e-09,5.048409104347229004e-01,-2.548134028911590576e-01,3.460561615042934136e-08,7.791836509341010242e-08,3.714215068839621381e-08,-5.060464403072728601e-08,-9.905053133252295083e-08,-1.388831449844474264e-08,-7.900346332689878182e-08,-9.467928663298152969e-08,-1.610576845223476994e-07,-2.636968510216775030e-08,1.505443947280582506e-07,-2.917088259835054487e-08,9.163824915885925293e-01,-2.036625268431180302e-08,-8.370231086018975475e-08,4.823054666758253006e-08,-7.203365015584495268e-08,-1.113691610044043045e-07,-1.056986320691066794e-08,-4.676761378163973859e-08,1.334738470859520021e-07,-4.334070169420556340e-08
-2.246715524734099745e-07,-2.545974808754181140e-08,9.908781051635742188e-01,-4.220348159833520185e-08,2.382052315397231723e-07,-9.975588000088464469e-08,2.751953864787992643e-08,-7.149061787004029611e-09,6.541931033134460449e-01,-3.575990200042724609e-01,4.692668298389435222e-08,1.220567895643398515e-07,5.715583029086701572e-08,-6.490682125104285660e-08,-1.414096999496905482e-07,-1.480950739818354123e-08,-1.006402712278031686e-07,-1.443184345362169552e-07,-2.247663815069245175e-07,-3.689068606149703555e-08,2.233194891232415102e-07,-4.007602072420013428e-08,9.751231074333190918e-01,-3.083721722418886202e-08,-1.268654301611604751e-07,6.593652557285167859e-08,-8.875951351683397661e-08,-1.570234928749414394e-07,-5.438548722480618380e-09,-7.979732430385411135e-08,2.006792811926061404e-07,-5.088730858915369026e-08
-1.571474541606221464e-07,-2.105602447954879608e-08,9.687059521675109863e-01,-3.338681864306636271e-08,1.744776199075204204e-07,-7.652949562952926499e-08,2.184621017420340650e-08,-7.249596478686726186e-09,5.243102908134460449e-01,-2.671392261981964111e-01,3.617301302938358276e-08,8.305526222329717712e-08,3.952475680080169695e-08,-5.250959489444539940e-08,-1.039218417986376153e-07,-1.406431948680619826e-08,-8.174681198624966783e-08,-1.002524001592064451e-07,-1.686058084260366741e-07,-2.760116935007772554e-08,1.588617095649169642e-07,-3.033562734344741330e-08,9.276172518730163574e-01,-2.163749002193071647e-08,-8.862312483870482538e-08,5.034962669014930725e-08,-7.393386169951554621e-08,-1.165322771612409269e-07,-9.781968124400464148e-09,-5.046534212738151837e-08,1.414634880347875878e-07,-4.431744926591818512e-08
-2.252446762440740713e-07,-2.549402644547171803e-08,9.909605979919433594e-01,-4.227873162676587526e-08,2.387459971942007542e-07,-9.995301297749392688e-08,2.756955552740691928e-08,-7.143531544073766781e-09,6.551644206047058105e-01,-3.583424985408782959e-01,4.701611189261711843e-08,1.223880587986059254e-07,5.730453267460688949e-08,-6.500814464516224689e-08,-1.417295152350561693e-07,-1.481480182974337367e-08,-1.007974148592438723e-07,-1.446961590545470244e-07,-2.252419477599687525e-07,-3.696956696330744307e-08,2.238696623635405558e-07,-4.016031240894335497e-08,9.753400683403015137e-01,-3.091458822268577933e-08,-1.271921235002082540e-07,6.606816782550595235e-08,-8.888664382311617373e-08,-1.573701950974282227e-07,-5.404910297102105687e-09,-8.004916907111692126e-08,2.011793611700340989e-07,-5.094165089758462273e-08
-1.549112482734926743e-07,-2.089755035683538154e-08,9.672827124595642090e-01,-3.309423490804874746e-08,1.723589093671762384e-07,-7.575570748485915828e-08,2.166003731929322385e-08,-7.234846943759976057e-09,5.194723606109619141e-01,-2.640465497970581055e-01,3.580829499583160214e-08,8.176508003998606000e-08,3.894329481113345537e-08,-5.208831410641323600e-08,-1.026799338887940394e-07,-1.403470140104445818e-08,-8.110586691145726945e-08,-9.880530882355742506e-08,-1.667331304133767844e-07,-2.729257175815291703e-08,1.567349983133681235e-07,-3.001906279109789466e-08,9.249712824821472168e-01,-2.133020338135338534e-08,-8.736012802046388970e-08,4.982945256415405311e-08,-7.344164032474509440e-08,-1.151980768554494716e-07,-9.934071343309369695e-09,-4.949856702296528965e-08,1.394964357359640417e-07,-4.409617915257513232e-08
-1.392598392158106435e-07,-1.975805119514006947e-08,9.551675915718078613e-01,-3.104108614593314996e-08,1.574985617480706424e-07,-7.032232218762146658e-08,2.035226565055836545e-08,-7.093078124853491317e-09,4.846239984035491943e-01,-2.422281503677368164e-01,3.323357944395866070e-08,7.273855118228311767e-08,3.488620947678100492e-08,-4.912301321269296750e-08,-9.397557931833944167e-08,-1.381551317791718247e-08,-7.658294975954049733e-08,-8.869824341672938317e-08,-1.535842812927512568e-07,-2.512864050174812292e-08,1.418604540504020406e-07,-2.781774810500792228e-08,9.035291075706481934e-01,-1.917304182086354558e-08,-7.852110428530068020e-08,4.617676196971842728e-08,-6.998235591026968905e-08,-1.058649061747019005e-07,-1.100911362073020427e-08,-4.273131892773562868e-08,1.257230195506053860e-07,-4.253975660617470567e-08
-1.157216900082858047e-08,-4.698468725194970830e-09,4.275920093059539795e-01,-1.313309283546004735e-08,2.986606872923402989e-08,-2.209638694239401957e-08,8.479883462086945656e-09,-4.313346069206858147e-10,1.338994652032852173e-01,-5.102984607219696045e-02,8.040129451103439351e-09,-7.985255234821408976e-10,3.403386905631577974e-09,-2.226372686209288076e-08,-1.984609099281442468e-08,-1.013226569313019354e-08,-3.415378913018685125e-08,-7.986141525861967239e-09,-3.823326721885678126e-08,-6.474973890391311215e-09,2.119482367390901345e-08,-1.313701147864776431e-08,3.399508893489837646e-01,1.471634064609261827e-10,-5.919857049008214744e-09,1.361649015763077841e-08,-3.772457901618508913e-08,-2.899159134983619879e-08,-2.029508294754123199e-08,1.386049941487499382e-08,1.341127653375906448e-08,-2.794491926749742561e-08
-4.439594647465128219e-08,-9.634223196997027117e-09,6.873657703399658203e-01,-1.799613613684414304e-08,6.404153651828892180e-08,-3.537692805366532411e-08,1.188563469867176536e-08,-2.910182317350518133e-09,2.348487824201583862e-01,-1.025236025452613831e-01,1.530942661531753402e-08,1.817113393087765871e-08,1.118822279266851183e-08,-2.952685029811163986e-08,-3.969767803368995374e-08,-1.140072480865228499e-08,-4.592273583625683386e-08,-2.875994198348053033e-08,-6.953442976964652189e-08,-1.150842354746828278e-08,5.234520017438626382e-08,-1.623811485274018196e-08,5.774756669998168945e-01,-5.205000874752840900e-09,-2.485117001072012499e-08,2.258601661253578641e-08,-4.704759248852496967e-08,-4.919282048376771854e-08,-1.808608907083453232e-08,-1.232545288054609500e-09,4.206418324770311301e-08,-3.204924325928004691e-08
-2.146143032177860732e-07,-2.479725758064432739e-08,9.892467856407165527e-01,-4.090160743430715229e-08,2.287544020873610862e-07,-9.632259434511070140e-08,2.670964782680584904e-08,-7.156532699781337215e-09,6.368564963340759277e-01,-3.445375859737396240e-01,4.532737207796344592e-08,1.162457792247550969e-07,5.448778850336566393e-08,-6.302796151658185408e-08,-1.358657044647770817e-07,-1.470320132312963324e-08,-9.783722276779371896e-08,-1.377697884663575678e-07,-2.164462529208321939e-07,-3.551302540927281370e-08,2.137469437002437189e-07,-3.863311803797842003e-08,9.709432721138000488e-01,-2.946307198214981327e-08,-1.212018645446732990e-07,6.361987203717944794e-08,-8.658594197186175734e-08,-1.510221778744380572e-07,-6.114059036832486527e-09,-7.547117064632402617e-08,1.918372589670980233e-07,-4.988871182831644546e-08
-2.180128575446360628e-07,-2.505837848332248541e-08,9.898367524147033691e-01,-4.133002562412002590e-08,2.319235363756888546e-07,-9.746631945972694666e-08,2.694123679702897789e-08,-7.208530661273471196e-09,6.427431702613830566e-01,-3.489289283752441406e-01,4.588597235510860628e-08,1.182082414175056329e-07,5.542610281850102183e-08,-6.372500394036251237e-08,-1.376968583599591511e-07,-1.474709865334489223e-08,-9.881168239189719316e-08,-1.399340447960639722e-07,-2.192414996216029976e-07,-3.597450515258060477e-08,2.169314399225186207e-07,-3.909850931904657045e-08,9.724342226982116699e-01,-2.993754577573781717e-08,-1.230728656764767948e-07,6.440660627049510367e-08,-8.728480338504596148e-08,-1.529993340909641120e-07,-5.833356464535199848e-09,-7.687540204415199696e-08,1.948659331674207351e-07,-5.025413329917682859e-08
-4.065423198085227341e-08,-8.852663491154544317e-09,6.621029973030090332e-01,-1.741349642259137909e-08,5.995639185130130500e-08,-3.375020085627511435e-08,1.149215034246253708e-08,-2.393311548942733680e-09,2.231800556182861328e-01,-9.652447700500488281e-02,1.432858365291167502e-08,1.601627097613800288e-08,1.033020691210140285e-08,-2.855956005021198507e-08,-3.736935028086918464e-08,-1.118527404031510741e-08,-4.436918743522255681e-08,-2.650028996242781432e-08,-6.571307409330984228e-08,-1.090613732657175206e-08,4.886339866061462089e-08,-1.600684562674814515e-08,5.526717305183410645e-01,-4.533037056830835354e-09,-2.271366561501508841e-08,2.147219824166768376e-08,-4.588700619478913723e-08,-4.691512955901089299e-08,-1.840399299624095875e-08,4.817390375499996935e-10,3.876126797308643290e-08,-3.149988359041344665e-08
-6.792973294977855403e-08,-1.323754528215204118e-08,8.062391877174377441e-01,-2.142829735873874597e-08,8.835886688984828652e-08,-4.473764647627831437e-08,1.415320127762242919e-08,-4.999677116757084150e-09,3.037231266498565674e-01,-1.387874931097030640e-01,2.053830883141927188e-08,3.169373385958351719e-08,1.682683326009737357e-08,-3.494708522566725151e-08,-5.368124789129069541e-08,-1.235070623550882374e-08,-5.455335738702160597e-08,-4.327108982238314638e-08,-9.183074212160136085e-08,-1.506567492981503165e-08,7.437618165795356617e-08,-1.848366970591541758e-08,7.037866115570068359e-01,-8.999616163407608838e-09,-3.820623462047478824e-08,2.894805994912985625e-08,-5.343520115275168791e-08,-6.333405622171994764e-08,-1.618303180350721959e-08,-1.171629548935015919e-08,6.285085163426629151e-08,-3.503356182932293450e-08
-4.173453405087457213e-08,-9.274746304299696931e-09,6.708673834800720215e-01,-1.761008405765096541e-08,6.131795515784688178e-08,-3.433155981724667072e-08,1.161924245707268710e-08,-2.738641313726475346e-09,2.269287854433059692e-01,-9.841372817754745483e-02,1.474970456882829239e-08,1.663643267590941832e-08,1.054926723753624174e-08,-2.895529860325041227e-08,-3.811426196875800088e-08,-1.130975935126343757e-08,-4.499959160852995410e-08,-2.707547253066877602e-08,-6.705447219701454742e-08,-1.110892267064400585e-08,4.982222279181769409e-08,-1.596026599770539178e-08,5.611015558242797852e-01,-4.786326002204077668e-09,-2.332369319901772542e-08,2.188112624423865782e-08,-4.632744676769107173e-08,-4.756848070996966271e-08,-1.826937356952385016e-08,-2.568458466745138224e-11,3.973526574441166304e-08,-3.173093432451423723e-08
1.521393322434505535e-08,1.595223397821143863e-09,1.177274584770202637e-01,-8.769005965802989522e-09,-4.257906249804932486e-10,-9.693256863840815640e-09,5.330869523589853998e-09,3.455749464364998857e-09,4.387397691607475281e-02,-6.452418863773345947e-03,4.835795652802232780e-10,-1.640142066605676519e-08,-2.588718572837933607e-09,-1.520063719340214448e-08,-2.448769409468809499e-09,-8.418051145042682037e-09,-2.270392940317833563e-08,8.633641357391752535e-09,-9.678815082736491604e-09,-1.944014282884154454e-09,-4.112615581419731825e-09,-1.202413013601244529e-08,8.657678216695785522e-02,5.311318052036995141e-09,9.744812956569148810e-09,5.141373549122363329e-09,-2.843566981880485400e-08,-1.206793864838573427e-08,-2.214944139211638685e-08,2.679835198193813994e-08,-9.878333706581088336e-09,-2.377337260384138062e-08
-1.310291963818599470e-07,-1.890601630805122113e-08,9.468724131584167480e-01,-2.996910097863292322e-08,1.496005523904386791e-07,-6.742436653439654037e-08,1.976034802453341399e-08,-6.672506547289458467e-09,4.655964374542236328e-01,-2.306590676307678223e-01,3.172071671997400699e-08,6.801273144674269133e-08,3.271454929176798032e-08,-4.730431157895509386e-08,-8.945892204792471603e-08,-1.361802137722634143e-08,-7.394425693973971647e-08,-8.362894732272252440e-08,-1.465094641162068001e-07,-2.398246401469350531e-08,1.342335309573172708e-07,-2.679211341671816626e-08,8.897609710693359375e-01,-1.797904225497859443e-08,-7.399669499363881187e-08,4.418680532580765430e-08,-6.819606568342351238e-08,-1.011287835694929527e-07,-1.177569952659496266e-08,-3.933273617917620868e-08,1.183331121978881129e-07,-4.160861877267052478e-08
-3.477071075508320064e-08,-8.266014539515254000e-09,6.238383650779724121e-01,-1.658800563575368869e-08,5.412002579419095127e-08,-3.155071226501604542e-08,1.091153745136352882e-08,-2.230532869518242478e-09,2.059087306261062622e-01,-8.757666498422622681e-02,1.323635334671280361e-08,1.261860660406455281e-08,8.889333713568703388e-09,-2.742522475784880953e-08,-3.393659753214706143e-08,-1.105088021091660266e-08,-4.252587970654531091e-08,-2.268211396483366116e-08,-6.047537937092783977e-08,-1.005144678600800034e-08,4.322675906109907373e-08,-1.527472548445985012e-08,5.156413316726684570e-01,-3.668010561952428361e-09,-1.932196269649466558e-08,2.000301435600704281e-08,-4.439517553578298248e-08,-4.330794567408702278e-08,-1.875324073807860259e-08,3.148260319107976102e-09,3.364251099924331356e-08,-3.087349753627677273e-08
-1.627590933139799745e-07,-2.144393285163914697e-08,9.720022082328796387e-01,-3.412144522485505149e-08,1.797914563894664752e-07,-7.846984573234294658e-08,2.231729645529867412e-08,-7.272844104733167114e-09,5.363070964813232422e-01,-2.748773396015167236e-01,3.708213469622023695e-08,8.629382364233606495e-08,4.098248496120504569e-08,-5.355647658689122181e-08,-1.070409894055046607e-07,-1.413538797123692348e-08,-8.334492918038449716e-08,-1.038938179931392369e-07,-1.732991421476981486e-07,-2.837532520061358809e-08,1.642065399209968746e-07,-3.113506252816478082e-08,9.338657259941101074e-01,-2.240637719808091788e-08,-9.179751714327721857e-08,5.165239258531073574e-08,-7.517071054508051020e-08,-1.198875025920642656e-07,-9.408437584568218881e-09,-5.289799176466658537e-08,1.463936882828420494e-07,-4.486847515750014281e-08
-3.780008839271431498e-08,-8.746684265759085974e-09,6.451714634895324707e-01,-1.703907948069627309e-08,5.729164698209388007e-08,-3.278554672192512953e-08,1.122343906700962179e-08,-2.491681305727411200e-09,2.151607722043991089e-01,-9.232944250106811523e-02,1.392426085544684611e-08,1.436654528674807807e-08,9.604911532790083584e-09,-2.811451871309600392e-08,-3.577123663944803411e-08,-1.117663206429142519e-08,-4.363981531696481397e-08,-2.457924530574473465e-08,-6.338958513651959947e-08,-1.051803266705064743e-08,4.608792281146634195e-08,-1.554838213735365571e-08,5.360460877418518066e-01,-4.167557410283961872e-09,-2.106270358126494102e-08,2.083928940521673212e-08,-4.526039631969069887e-08,-4.516270735166472150e-08,-1.853565834153414471e-08,1.762613277556113189e-09,3.629574152341774607e-08,-3.126180914136966749e-08
-9.277260915041551925e-08,-1.587124920376936643e-08,8.835079073905944824e-01,-2.484823902193511458e-08,1.128328577237880381e-07,-5.388231372194240976e-08,1.638234436995844590e-08,-6.095540072692529066e-09,3.709054887294769287e-01,-1.756202578544616699e-01,2.522259556769768096e-08,4.597319858135051618e-08,2.301093182666136272e-08,-4.005728371225814044e-08,-6.789866802137112245e-08,-1.298259189042028083e-08,-6.258961349203673308e-08,-5.895543253586765786e-08,-1.138401657385657018e-07,-1.862926524154318031e-08,9.781776810768860742e-08,-2.153501554857939482e-08,7.980565428733825684e-01,-1.264440374626474295e-08,-5.226620558573813469e-08,3.511525292765327322e-08,-5.943330450008943444e-08,-7.817231306717076222e-08,-1.432945406776298114e-08,-2.258599351989687420e-08,8.475739576851992751e-08,-3.776703394464675512e-08
-7.976340299364892417e-08,-1.455071885203551574e-08,8.478191494941711426e-01,-2.307058899475578073e-08,1.000864457978423161e-07,-4.913632167813375418e-08,1.523066472941536631e-08,-5.573812078552009552e-09,3.362939059734344482e-01,-1.564517766237258911e-01,2.281273481230527977e-08,3.849530472166406980e-08,1.975470453885463940e-08,-3.740481346881097124e-08,-6.049012313269486185e-08,-1.267058546972066324e-08,-5.843589789833458781e-08,-5.073006192901630129e-08,-1.024009748107346240e-07,-1.677423711043957155e-08,8.553996622140402906e-08,-1.990311204735917272e-08,7.528446316719055176e-01,-1.075400035688289790e-08,-4.491202787448855815e-08,3.191529884816191043e-08,-5.633893351841834374e-08,-7.041541749686075491e-08,-1.529988757908995467e-08,-1.691367579326197301e-08,7.328097950676237815e-08,-3.635493328602024121e-08
-9.401880873838308617e-08,-1.563095253231949755e-08,8.860129714012145996e-01,-2.499855611404200317e-08,1.138307652581715956e-07,-5.421314952513967000e-08,1.655427972480083554e-08,-5.690429460969426145e-09,3.738677501678466797e-01,-1.773324012756347656e-01,2.520995678878534818e-08,4.671543862855287443e-08,2.332786586123347661e-08,-4.000947839699620090e-08,-6.859598045139136957e-08,-1.289162909756669251e-08,-6.261222296188861947e-08,-6.002138519534128136e-08,-1.146021659792495484e-07,-1.877777044967388065e-08,9.919693155779896188e-08,-2.188600944919016911e-08,8.013777136802673340e-01,-1.273362304488045993e-08,-5.307763117912145390e-08,3.529680725478101522e-08,-5.967322636024618987e-08,-7.906438526106285281e-08,-1.444120556470807060e-08,-2.325184311757766409e-08,8.571814902325058938e-08,-3.775460655219831096e-08
-3.537484971616322582e-08,-8.439061893739108200e-09,6.286219954490661621e-01,-1.668924909381530597e-08,5.482463549810745462e-08,-3.184129226951881719e-08,1.097943425065750489e-08,-2.359204387403224246e-09,2.079018801450729370e-01,-8.858675509691238403e-02,1.342780819868494291e-08,1.296655671723101477e-08,9.020577174112531793e-09,-2.760808115453983191e-08,-3.433161666066553153e-08,-1.110040681595592105e-08,-4.281927701299537148e-08,-2.303080037791005452e-08,-6.115062234357537818e-08,-1.015597828057934748e-08,4.377968920721286850e-08,-1.528465176647841872e-08,5.201764702796936035e-01,-3.791043479139943884e-09,-1.966678020437484520e-08,2.020430933669103979e-08,-4.460981628540139354e-08,-4.367685235706630920e-08,-1.869363508433252719e-08,2.866304749105097471e-09,3.417916971670820203e-08,-3.097933287676823966e-08
-1.030426730608269281e-07,-1.647906877622062893e-08,9.053500294685363770e-01,-2.622377159866573493e-08,1.226172230417432729e-07,-5.747319775650794327e-08,1.735410037895235291e-08,-5.975751005138363325e-09,3.971332609653472900e-01,-1.905024796724319458e-01,2.683477795528688148e-08,5.190612739625066752e-08,2.559490930309493706e-08,-4.180362722649988427e-08,-7.371871646455474547e-08,-1.308572716851585938e-08,-6.542550323729301454e-08,-6.576616584652583697e-08,-1.224616852368853870e-07,-2.005661059456542716e-08,1.077393108062096871e-07,-2.305490021115019772e-08,8.276486396789550781e-01,-1.402674598693920416e-08,-5.818847625960188452e-08,3.748965227146072721e-08,-6.179432432418252574e-08,-8.445797305967062130e-08,-1.379321901140428963e-08,-2.719354341707003186e-08,9.366385000930677052e-08,-3.870865583621707628e-08
-6.158521870247568586e-08,-1.191852394555326100e-08,7.778090834617614746e-01,-2.047183933484575391e-08,8.155125641451377305e-08,-4.207058523775231151e-08,1.356970802390833342e-08,-4.025936473084357203e-09,2.850110530853271484e-01,-1.288765519857406616e-01,1.889283218758919247e-08,2.806996235449332744e-08,1.533399007769276068e-08,-3.322930197668938490e-08,-4.985935575518851692e-08,-1.197991839063661246e-08,-5.187395046846177138e-08,-3.958862748731917236e-08,-8.546377472384847351e-08,-1.407189653690466002e-08,6.859600176767344237e-08,-1.806482963218059012e-08,6.720359921455383301e-01,-7.886689523672885116e-09,-3.467784281951935554e-08,2.710410207384938985e-08,-5.161708926948449516e-08,-5.962144911109135137e-08,-1.685395822903501539e-08,-8.961353437086927443e-09,5.714616690966067836e-08,-3.409476434512725973e-08
-1.076320117476825544e-07,-1.715612540920119500e-08,9.143493175506591797e-01,-2.684941513564353954e-08,1.271993426144035766e-07,-5.919091350392591266e-08,1.769244484250975802e-08,-6.443539035672074533e-09,4.089278280735015869e-01,-1.972127407789230347e-01,2.781970920295862015e-08,5.452638518477215257e-08,2.676501509313311544e-08,-4.294443556318583433e-08,-7.629666498587539536e-08,-1.326507970134116476e-08,-6.710970268386518001e-08,-6.847233890994175454e-08,-1.266470093241878203e-07,-2.072029303690214874e-08,1.119186308073949476e-07,-2.352058459109684918e-08,8.402590751647949219e-01,-1.474357258501868273e-08,-6.069013380738397245e-08,3.867954490033298498e-08,-6.287348952582760830e-08,-8.706492593546499847e-08,-1.329490739720995407e-08,-2.907675167307388620e-08,9.782444720940475236e-08,-3.929817538050883741e-08
-2.250397841407902888e-07,-2.548358146725604456e-08,9.909310936927795410e-01,-4.225123362289195939e-08,2.385513084846024867e-07,-9.988161764340475202e-08,2.754948980054905405e-08,-7.148122538325196729e-09,6.548148989677429199e-01,-3.580747544765472412e-01,4.698499012079082604e-08,1.222695829028452863e-07,5.725335938677744707e-08,-6.497503335367582622e-08,-1.416129578046820825e-07,-1.481325551111467576e-08,-1.007424543786328286e-07,-1.445587543003057363e-07,-2.250709059126165812e-07,-3.694114525387703907e-08,2.236704403912881389e-07,-4.012907695027934096e-08,9.752626419067382812e-01,-3.088743127932502830e-08,-1.270731218028231524e-07,6.602127200494578574e-08,-8.883932878234190866e-08,-1.572436900687534944e-07,-5.414303672068854212e-09,-7.995617323786063935e-08,2.010026349807958468e-07,-5.092367771908357099e-08
-3.157768801997917762e-08,-7.629476606041407649e-09,5.994188785552978516e-01,-1.609262412216594385e-08,5.065180630481336266e-08,-3.017113670011895010e-08,1.057039611396248802e-08,-1.831345186609212305e-09,1.958566457033157349e-01,-8.245154470205307007e-02,1.241952762853770764e-08,1.077559641515790645e-08,8.154863451181881828e-09,-2.662508791217987891e-08,-3.194918818394398841e-08,-1.087769252450243584e-08,-4.123493724250693049e-08,-2.072542493181117607e-08,-5.724199070300528547e-08,-9.539216527798544121e-09,4.023544875053630676e-08,-1.506275104645737883e-08,4.926981925964355469e-01,-3.100726786442464800e-09,-1.748736622175783850e-08,1.906162871989636187e-08,-4.340648374068223347e-08,-4.134844644454460649e-08,-1.900427193390896718e-08,4.624250760087988965e-09,3.083750499399684486e-08,-3.041652973934105830e-08
-1.068286508143501123e-07,-1.690322726233262074e-08,9.127281308174133301e-01,-2.673796650753956783e-08,1.263333189172044513e-07,-5.885634735136591189e-08,1.766925983304190595e-08,-6.186236856109417204e-09,4.068059623241424561e-01,-1.960190981626510620e-01,2.756034866990830778e-08,5.407826009218297258e-08,2.655177411270415178e-08,-4.262119901454752835e-08,-7.585851591329628718e-08,-1.318959874652136932e-08,-6.667652741043639253e-08,-6.811480801616198733e-08,-1.258097057643681183e-07,-2.059650938690538169e-08,1.112757743726433546e-07,-2.350962802211142844e-08,8.379645943641662598e-01,-1.458556919686770925e-08,-6.030423804759266204e-08,3.842992768454678298e-08,-6.268237484619021416e-08,-8.668106232789796195e-08,-1.347271894047707974e-08,-2.881143323918422539e-08,9.703216363732281025e-08,-3.913817891998405685e-08
1.526883863789407769e-08,1.600981680560664699e-09,1.171084642410278320e-01,-8.761200653850664821e-09,-4.807932385553215227e-10,-9.672316281239545788e-09,5.325237140141325654e-09,3.457184760691234260e-09,4.370354488492012024e-02,-6.367462221533060074e-03,4.731573466365546210e-10,-1.643326008604617527e-08,-2.602099202775320919e-09,-1.519007319927823119e-08,-2.416302491425881271e-09,-8.416743746408883453e-09,-2.268669874183615320e-08,8.669674755878986616e-09,-9.629353314721811330e-09,-1.935913873651884387e-09,-4.165537248468353937e-09,-1.201756294477718257e-08,8.608567714691162109e-02,5.319579887697045706e-09,9.776726095367394009e-09,5.127400726223640959e-09,-2.842116941792482976e-08,-1.203383614978292826e-08,-2.215235461733300326e-08,2.682368993589534512e-08,-9.925831712109811633e-09,-2.376743246657042619e-08
-3.639875600924824539e-08,-8.569088549847947434e-09,6.356867551803588867e-01,-1.683699935028926120e-08,5.586645102084730752e-08,-3.224014477609671303e-08,1.108255798243362733e-08,-2.415133426580950982e-09,2.109702080488204956e-01,-9.016755968332290649e-02,1.363752488714453648e-08,1.355766610089403912e-08,9.267227873976935371e-09,-2.782188879280056426e-08,-3.493961742151441285e-08,-1.113262282359528399e-08,-4.316574475637935393e-08,-2.368469687041852012e-08,-6.209619840547020431e-08,-1.030889151820701954e-08,4.475433001971396152e-08,-1.539586769183642900e-08,5.269258618354797363e-01,-3.950089588755645309e-09,-2.025623935253406671e-08,2.047251790315840481e-08,-4.488475724429008551e-08,-4.430435751601180527e-08,-1.862708742805807560e-08,2.400132315116820791e-09,3.507264167978974001e-08,-3.109864010752971808e-08
-8.466446388410986401e-08,-1.464288157393411893e-08,8.615782856941223145e-01,-2.371235119369430322e-08,1.046221598244301276e-07,-5.077430742517208273e-08,1.571774710384943319e-08,-5.278841808120660062e-09,3.490471839904785156e-01,-1.635302156209945679e-01,2.344908978102466790e-08,4.133919162541133119e-08,2.099733897864553001e-08,-3.808488102663432073e-08,-6.324751922193172504e-08,-1.265470217504116590e-08,-5.958862558941291354e-08,-5.411804693267185939e-08,-1.063223962205483986e-07,-1.743717525926058443e-08,9.037275816581313848e-08,-2.073450922068786895e-08,7.699366211891174316e-01,-1.136281735369948365e-08,-4.778607376465515699e-08,3.297731154816574417e-08,-5.742073838632677507e-08,-7.348125308226371999e-08,-1.514199077234934521e-08,-1.916343883578974783e-08,7.746687202825341956e-08,-3.672636950113883358e-08
-1.117746251111384481e-07,-1.748419897751318786e-08,9.213836789131164551e-01,-2.740389959399180952e-08,1.311803856651749811e-07,-6.065706514846169739e-08,1.805831395529367001e-08,-6.505640026688297439e-09,4.192499220371246338e-01,-2.031827569007873535e-01,2.852300440281396732e-08,5.691286730780120706e-08,2.781561470044380258e-08,-4.372877171476829972e-08,-7.863120998763406533e-08,-1.333377053214235275e-08,-6.833895582758486853e-08,-7.114415723208367126e-08,-1.301841479062204598e-07,-2.129988274646166246e-08,1.158620079877437092e-07,-2.409023558413991850e-08,8.504340052604675293e-01,-1.532100490919674485e-08,-6.304329502881955705e-08,3.966159667356805585e-08,-6.382209960520413006e-08,-8.955074548566699377e-08,-1.301845831136461129e-08,-3.089018818513977749e-08,1.014601522797420330e-07,-3.971387130263792642e-08
-1.510039595586931682e-07,-2.044675362355974357e-08,9.645890593528747559e-01,-3.260363001800214988e-08,1.686503736664235475e-07,-7.440625182653093361e-08,2.143942623433758854e-08,-6.959167908604513286e-09,5.110012888908386230e-01,-2.586901187896728516e-01,3.506860579705062264e-08,7.952354508233838715e-08,3.786341906675261271e-08,-5.113837531212084286e-08,-1.005992302793856652e-07,-1.392989634751984340e-08,-7.981623895148004522e-08,-9.647109067145720473e-08,-1.634038113706992590e-07,-2.675520249795226846e-08,1.531862494630331639e-07,-2.955879097044089576e-08,9.200568199157714844e-01,-2.075171323667746037e-08,-8.527261030621957616e-08,4.888277160830512003e-08,-7.264990387056968757e-08,-1.130261395587695006e-07,-1.037407670878565114e-08,-4.796882535629265476e-08,1.359273795742410584e-07,-4.362034644600498723e-08
-2.152168718794200686e-07,-2.483612604464724427e-08,9.893546700477600098e-01,-4.097995187635206094e-08,2.293215715098995133e-07,-9.652891463929336169e-08,2.675940002916377125e-08,-7.154948633569802041e-09,6.379153132438659668e-01,-3.453251123428344727e-01,4.542285481079488818e-08,1.165939522707049036e-07,5.464640295826939109e-08,-6.313894829190758173e-08,-1.361991479598145816e-07,-1.470947896820007372e-08,-9.800476163945859298e-08,-1.381632301900026505e-07,-2.169455655121055315e-07,-3.559571837286057416e-08,2.143217869843283552e-07,-3.872010978511752910e-08,9.712138175964355469e-01,-2.954515387898482004e-08,-1.215424276779231150e-07,6.375864103347339551e-08,-8.671725026943022385e-08,-1.513830483190758969e-07,-6.074932112909436910e-09,-7.573199667376684374e-08,1.923659738167771138e-07,-4.994771884980764298e-08
-2.245761692165615386e-07,-2.545405841658521240e-08,9.908643364906311035e-01,-4.219095828261743009e-08,2.381152057751023676e-07,-9.972306003191988566e-08,2.751118977073474525e-08,-7.150005476574960994e-09,6.540312170982360840e-01,-3.574751913547515869e-01,4.691180421900753572e-08,1.220016656588995829e-07,5.713110340366256423e-08,-6.488999559906005743e-08,-1.413564376662179711e-07,-1.480862721336961840e-08,-1.006141232551271969e-07,-1.442555372932474711e-07,-2.246872128353061271e-07,-3.687756233716754650e-08,2.232279143754567485e-07,-4.006198750516887230e-08,9.750867486000061035e-01,-3.082434929524424660e-08,-1.268110310093106818e-07,6.591461243488083710e-08,-8.873833934330832562e-08,-1.569657683830882888e-07,-5.444121597975026816e-09,-7.975537386073483503e-08,2.005960482165392023e-07,-5.087827403826850059e-08
-2.823072264845905011e-08,-6.956000220270652790e-09,5.724653005599975586e-01,-1.557106976690647571e-08,4.700482847397324804e-08,-2.871646920254988800e-08,1.020824935693553925e-08,-1.413585137832740202e-09,1.852442175149917603e-01,-7.705986499786376953e-02,1.155828854848550691e-08,8.841397836079067929e-09,7.386836031741950137e-09,-2.578669011654710630e-08,-2.985697733492997941e-08,-1.069482546967037706e-08,-3.988013830280578986e-08,-1.866707854958349344e-08,-5.384002577102364739e-08,-8.999765377382118459e-09,3.709384444050556340e-08,-1.484599110312956327e-08,4.678059518337249756e-01,-2.502329010667381226e-09,-1.555911666173415142e-08,1.806946592353142478e-08,-4.235832307131204288e-08,-3.928580483147925406e-08,-1.926082582315302716e-08,6.180472578165563391e-09,2.790260644758291164e-08,-2.993552783436825848e-08
-1.339407731393293943e-07,-1.935765503446873481e-08,9.500399231910705566e-01,-3.034067574958498881e-08,1.524337704950085026e-07,-6.846757827361216187e-08,1.990501097282049159e-08,-7.028922777152502022e-09,4.723866283893585205e-01,-2.347443848848342896e-01,3.234891110537319037e-08,6.967243848521320615e-08,3.351327038103590894e-08,-4.810882714423314610e-08,-9.101114528675680049e-08,-1.373594304965308766e-08,-7.503012966481037438e-08,-8.527155159754329361e-08,-1.490966354822376161e-07,-2.439133162113193976e-08,1.368091346876099124e-07,-2.707597168694064749e-08,8.949326872825622559e-01,-1.843704744430851861e-08,-7.551682301709661260e-08,4.492993355142971268e-08,-6.879945146920363186e-08,-1.026940665838083078e-07,-1.137798033568060418e-08,-4.043006285314731940e-08,1.210405713436557562e-07,-4.200746772653474181e-08
-2.264278435859523597e-07,-2.557192324559309782e-08,9.911273121833801270e-01,-4.243169016149295203e-08,2.398568597072880948e-07,-1.003562530854651413e-07,2.766412343646607042e-08,-7.142384461644724070e-09,6.571527123451232910e-01,-3.598678410053253174e-01,4.720407176250773773e-08,1.230717430189542938e-07,5.761948784765991149e-08,-6.522960660504395491e-08,-1.423808981826368836e-07,-1.482707023825469150e-08,-1.011265808870120964e-07,-1.454666147537864163e-07,-2.262195692992463592e-07,-3.713149610007349111e-08,2.249953894306599977e-07,-4.032995093439240009e-08,9.757810235023498535e-01,-3.107630419663109933e-08,-1.278577457242136006e-07,6.634056148868694436e-08,-8.914167182183518889e-08,-1.580758350883115781e-07,-5.325048402227139377e-09,-8.055730660316839931e-08,2.022198231088623288e-07,-5.105964362428494496e-08
-1.115346961455543351e-07,-1.755386769275446568e-08,9.208877086639404297e-01,-2.737085402770844667e-08,1.309847590391655103e-07,-6.058997570335122873e-08,1.800784055205895129e-08,-6.620687553748894061e-09,4.186519682407379150e-01,-2.028376311063766479e-01,2.853871272634478373e-08,5.676752223848779977e-08,2.776488372546737082e-08,-4.377008622213907074e-08,-7.848031913226805045e-08,-1.335867150231706546e-08,-6.835882260247672093e-08,-7.090770992590478272e-08,-1.300410730209478061e-07,-2.127015363839745987e-08,1.155696622845425736e-07,-2.401077203728618770e-08,8.497692942619323730e-01,-1.530876936328695592e-08,-6.286760623197551467e-08,3.963033634590829024e-08,-6.376146899356172071e-08,-8.935217010730411857e-08,-1.296880025591917729e-08,-3.073512289120117202e-08,1.012968482427822892e-07,-3.972853690470401489e-08
-1.806902218959294260e-07,-2.254538777890502388e-08,9.801969528198242188e-01,-3.648770885433805233e-08,1.967738825214837561e-07,-8.467677758972058655e-08,2.391185205397050595e-08,-7.146589542372794313e-09,5.732412338256835938e-01,-2.994125783443450928e-01,3.990683694610197563e-08,9.665200195740908384e-08,4.558390287456859369e-08,-5.672609404427930713e-08,-1.170861807509027130e-07,-1.432081830898823682e-08,-8.831799647168736556e-08,-1.156878965957730543e-07,-1.882588236412630067e-07,-3.085166611072054366e-08,1.814231467278659693e-07,-3.376354840156636783e-08,9.503485560417175293e-01,-2.483014505116898363e-08,-1.020408646468240477e-07,5.578675654760445468e-08,-7.918446698340630974e-08,-1.307418671103732777e-07,-8.359029912696769316e-09,-6.080563963450913434e-08,1.620373240029948647e-07,-4.655672114495246205e-08
-7.658807277266532765e-08,-1.421343132079755378e-08,8.375930786132812500e-01,-2.263271881020045839e-08,9.695551739241636824e-08,-4.796575581167417113e-08,1.494408508051492390e-08,-5.434106498114488204e-09,3.276590108871459961e-01,-1.517352610826492310e-01,2.221327655149707425e-08,3.667004477847513044e-08,1.896560064551522373e-08,-3.675280524362278811e-08,-5.867055463681936089e-08,-1.258958803873611032e-08,-5.740820441246796690e-08,-4.872391556887123443e-08,-9.958489499695133418e-08,-1.631829071868651226e-08,8.254221484094159678e-08,-1.951355699247869779e-08,7.404656410217285156e-01,-1.028781326795069617e-08,-4.311343104745901655e-08,3.112620916567720997e-08,-5.556972837439388968e-08,-6.851673362007204560e-08,-1.553510209362229944e-08,-1.552199613286120439e-08,7.048246430940707796e-08,-3.600562692440689716e-08
-4.029840283692465164e-08,-9.460629613045057340e-09,6.635029315948486328e-01,-1.745427802291033004e-08,6.019113385491436929e-08,-3.397579462216526736e-08,1.149484329943106786e-08,-3.035052875688393215e-09,2.233077287673950195e-01,-9.647923707962036133e-02,1.471333543889841167e-08,1.580126962608119356e-08,1.015137218729478263e-08,-2.887862926570505806e-08,-3.738993825663783355e-08,-1.138191674243671514e-08,-4.485853466462685901e-08,-2.600314097378486622e-08,-6.616824776983776246e-08,-1.094683543811925119e-08,4.835980504935832869e-08,-1.559354778635224648e-08,5.538582205772399902e-01,-4.672518816306592271e-09,-2.247736041738335189e-08,2.166584600615806266e-08,-4.612980930573939986e-08,-4.667055009122123010e-08,-1.827361018058581976e-08,6.146152475849930852e-10,3.852705887652518868e-08,-3.169994400309406046e-08
-4.824012123094689741e-08,-1.017834971861475424e-08,7.101244926452636719e-01,-1.855628717351009982e-08,6.799449892014308716e-08,-3.689770267101266654e-08,1.226914303487092184e-08,-3.186989561143604988e-09,2.462679147720336914e-01,-1.084670424461364746e-01,1.613490319130050921e-08,2.038630420031495305e-08,1.210859057465540900e-08,-3.037007800799074175e-08,-4.198942349376011407e-08,-1.154035089712124318e-08,-4.728144986643201264e-08,-3.117720126510903356e-08,-7.314294236948626349e-08,-1.208810207486976651e-08,5.597868835138797294e-08,-1.662608717367675126e-08,6.004442572593688965e-01,-5.816195969288173728e-09,-2.705295720772937784e-08,2.361359463520784630e-08,-4.809557552221122023e-08,-5.153276916303184407e-08,-1.781079816964847851e-08,-2.971602519608040893e-09,4.543464271478114824e-08,-3.251848568197601708e-08
-1.073902566872675379e-07,-1.713629593780297000e-08,9.139189124107360840e-01,-2.681702504503391538e-08,1.269666114467327134e-07,-5.910512257401023817e-08,1.767120849649472802e-08,-6.439062172347576052e-09,4.083215296268463135e-01,-1.968636512756347656e-01,2.777821350719023030e-08,5.438716144112731854e-08,2.670371479496225220e-08,-4.289809751867323939e-08,-7.616040420543868095e-08,-1.326084486663603457e-08,-6.703725574652708019e-08,-6.831695031905837823e-08,-1.264399713818420423e-07,-2.068641435926110717e-08,1.116888768137869192e-07,-2.348769534421535354e-08,8.396444320678710938e-01,-1.470970278916183815e-08,-6.055300616480963072e-08,3.862200159687745327e-08,-6.281803877072889009e-08,-8.692013153677180526e-08,-1.331142751581637640e-08,-2.897115614075573831e-08,9.761200203683984000e-08,-3.927364744527039875e-08
-1.769039528198845801e-07,-2.230522433421811002e-08,9.787421226501464844e-01,-3.599018683075883018e-08,1.931919229036793695e-07,-8.336885315429753973e-08,2.358297734872394358e-08,-7.161913728737090423e-09,5.656540989875793457e-01,-2.942738831043243408e-01,3.930651715222666098e-08,9.446512194699607790e-08,4.460592251120942819e-08,-5.604466579711697705e-08,-1.149728419136408775e-07,-1.427981288770752144e-08,-8.726177469497997663e-08,-1.132074416432260477e-07,-1.851021238508110400e-07,-3.032945627978733683e-08,1.777975313643764821e-07,-3.321289909763436299e-08,9.472952485084533691e-01,-2.431637291522292799e-08,-9.988595905952024623e-08,5.491283516789735586e-08,-7.834349702307008556e-08,-1.284598454276419943e-07,-8.590875566483191506e-09,-5.914679590546256804e-08,1.587260527458056458e-07,-4.619507265601896506e-08
-1.747828264342388138e-07,-2.215675465322419768e-08,9.778545498847961426e-01,-3.571390649881323043e-08,1.911873823701171204e-07,-8.263791784202112467e-08,2.340914484477707447e-08,-7.150054326388044501e-09,5.613560676574707031e-01,-2.913926839828491211e-01,3.896237998901597166e-08,9.324090655127292848e-08,4.405081810432420752e-08,-5.564398364299449895e-08,-1.137985137233954447e-07,-1.425282558642493314e-08,-8.665713124855756178e-08,-1.118345096529083094e-07,-1.833319203115024720e-07,-3.003743742624465085e-08,1.757814516167854890e-07,-3.291202688160410617e-08,9.454695582389831543e-01,-2.402514631683061452e-08,-9.869006589724449441e-08,5.442069905825519527e-08,-7.788013789422620903e-08,-1.271961735938020865e-07,-8.736456003077819332e-09,-5.823277149374916917e-08,1.568589595990488306e-07,-4.598463476668257499e-08
1.021549866919713168e-08,1.868791926762369826e-10,1.819034963846206665e-01,-9.623704499972518533e-09,5.474153130791137301e-09,-1.216968481543290181e-08,5.955975712623740037e-09,2.539413790358935330e-09,6.133333966135978699e-02,-1.502007897943258286e-02,2.061254056329175910e-09,-1.347611799928927212e-08,-1.506441749121734119e-09,-1.663672222207424056e-08,-5.818538539870132809e-09,-8.807793605569713691e-09,-2.502935103620984592e-08,5.564900096288738496e-09,-1.531718218927835551e-08,-2.833430601256736736e-09,5.990626328333803485e-10,-1.208469058155969833e-08,1.377236396074295044e-01,4.264709030366020670e-09,6.799229179677013235e-09,6.842570954290749796e-09,-3.034297435533517273e-08,-1.527179271931800031e-08,-2.179877789387774101e-08,2.431955259396545443e-08,-5.542045489193014873e-09,-2.463680282005498157e-08
-6.838165234057669295e-08,-1.329187071519299934e-08,8.080093264579772949e-01,-2.149169375798010151e-08,8.881082891321057105e-08,-4.490810567858716240e-08,1.419480266662276335e-08,-5.025759808319207878e-09,3.049881756305694580e-01,-1.394672244787216187e-01,2.062812853864670615e-08,3.195339814965336700e-08,1.693786444434408622e-08,-3.504325718495238107e-08,-5.394300828243103751e-08,-1.236426161455028705e-08,-5.470557695730349224e-08,-4.355435478942126792e-08,-9.223970209859544411e-08,-1.513156000498838694e-08,7.480164043727199896e-08,-1.853549669306175929e-08,7.058120369911193848e-01,-9.067852246857910359e-09,-3.846229645887433435e-08,2.906325846652180189e-08,-5.354849363925495709e-08,-6.360453852494174498e-08,-1.614851363740399393e-08,-1.191522169818881594e-08,6.324948031988242292e-08,-3.508552381958907063e-08
-3.825423178227538301e-08,-8.809716511848364462e-09,6.482331156730651855e-01,-1.710532693266486604e-08,5.775848421762930229e-08,-3.296531403407243488e-08,1.126938098394703047e-08,-2.522088538015054837e-09,2.165269106626510620e-01,-9.303402900695800781e-02,1.402101634795371865e-08,1.462858989498272422e-08,9.713580162440393906e-09,-2.821269085018229816e-08,-3.604263554279896198e-08,-1.119264236848493965e-08,-4.379859319669776596e-08,-2.486681260904788360e-08,-6.381527839494083310e-08,-1.058658494201836220e-08,4.651866802873882989e-08,-1.559467932565894444e-08,5.390031933784484863e-01,-4.239653073057070287e-09,-2.132374987695584423e-08,2.096053641764683562e-08,-4.538489761785058363e-08,-4.544058285205210268e-08,-1.850467334918448614e-08,1.555835127398097484e-09,3.669281412044256285e-08,-3.131671633127552923e-08
-1.527350264041160699e-07,-2.057145565004248056e-08,9.657902717590332031e-01,-3.283124883068921918e-08,1.702951948345798883e-07,-7.500798204773673206e-08,2.158584244682515418e-08,-6.972708188612841695e-09,5.147998332977294922e-01,-2.610958218574523926e-01,3.535276604793580191e-08,8.052192157492754632e-08,3.831064887549473497e-08,-5.146382520138104155e-08,-1.015638062540347164e-07,-1.395384074953653908e-08,-8.031548759390716441e-08,-9.759097707728869864e-08,-1.648590313152453746e-07,-2.699473178324751643e-08,1.548334438439269434e-07,-2.980303648314475140e-08,9.222434163093566895e-01,-2.098994933419362496e-08,-8.625196556977243745e-08,4.928671160087105818e-08,-7.303414406578667695e-08,-1.140605832006258424e-07,-1.025736384718811678e-08,-4.871972691944392864e-08,1.374489784211618826e-07,-4.379148776934016496e-08
-1.335073847030798788e-07,-1.932218118838591181e-08,9.496026039123535156e-01,-3.028376838187796238e-08,1.520204335747621371e-07,-6.831614030033961171e-08,1.986982844925933023e-08,-7.019735903668333776e-09,4.713835716247558594e-01,-2.341340780258178711e-01,3.227507150427300076e-08,6.942286034927747096e-08,3.340080922953347908e-08,-4.802311082130472641e-08,-9.077050577843692736e-08,-1.372854807613066441e-08,-7.490071141091902973e-08,-8.499524284388826345e-08,-1.487294269963967963e-07,-2.433119838940456248e-08,1.363999189152309555e-07,-2.701703216700934718e-08,8.942076563835144043e-01,-1.837640795088191226e-08,-7.527359713321857271e-08,4.482761184476657945e-08,-6.870365609756845515e-08,-1.024378448732932156e-07,-1.141046634955955597e-08,-4.024459698825921805e-08,1.206572619594226126e-07,-4.196276748302807391e-08
-3.495729217206644535e-08,-8.450954602778892877e-09,6.260597705841064453e-01,-1.663829785059078858e-08,5.445965101102956396e-08,-3.171529883161383623e-08,1.094162183079561146e-08,-2.401500331927763909e-09,2.067681401968002319e-01,-8.799278736114501953e-02,1.338783306437107967e-08,1.272474126068345868e-08,8.910601145828422887e-09,-2.755958483646736568e-08,-3.410735516240492871e-08,-1.110787462010875970e-08,-4.273823606126825325e-08,-2.273818466846933006e-08,-6.084343340262421407e-08,-1.010309258475672323e-08,4.336652281722308544e-08,-1.520190551218547625e-08,5.177356004714965820e-01,-3.745697529922153990e-09,-1.942377814145856973e-08,2.012367872339382302e-08,-4.453211133181866899e-08,-4.341913140137876326e-08,-1.870625432331962656e-08,3.052705421779933204e-09,3.382182001132605365e-08,-3.095464862212793378e-08
-1.203663089199835667e-07,-1.829887885662628833e-08,9.340063929557800293e-01,-2.854548064590289869e-08,1.394669624232847127e-07,-6.371065808252751594e-08,1.875537414264272229e-08,-6.822573173081991627e-09,4.402499496936798096e-01,-2.154874056577682495e-01,3.006410409511772741e-08,6.185130274616312818e-08,3.002469739499247225e-08,-4.550327048491453752e-08,-8.342718160747608636e-08,-1.351915290825900229e-08,-7.102491395016841125e-08,-7.654659839317901060e-08,-1.375904759015611489e-07,-2.250409814053000446e-08,1.239269380448604352e-07,-2.520135389261213277e-08,8.694319725036621094e-01,-1.655010173351456615e-08,-6.784816974914065213e-08,4.173206846758148458e-08,-6.575864830438149511e-08,-9.460264749350244529e-08,-1.232748036983366546e-08,-3.455179964362287137e-08,1.090877574938531325e-07,-4.063880965077260043e-08
-9.431823144723239238e-08,-1.599127052998028375e-08,8.872038722038269043e-01,-2.505680463116277679e-08,1.143227450484118890e-07,-5.443235195912166091e-08,1.652379211236620904e-08,-6.112953254699959871e-09,3.749270439147949219e-01,-1.778759509325027466e-01,2.548417477044040425e-08,4.686406995801917219e-08,2.339941751472451870e-08,-4.034360401306003041e-08,-6.877552749529058929e-08,-1.300752217048284365e-08,-6.304563271442020778e-08,-5.995876506403874373e-08,-1.151636581653292524e-07,-1.884634492910208792e-08,9.929511435302629252e-08,-2.174861357673307793e-08,8.029152750968933105e-01,-1.285958450836233169e-08,-5.314916506904410198e-08,3.548231930494694097e-08,-5.979301676006798516e-08,-7.910666965926793637e-08,-1.423280249213121351e-08,-2.326987136314073723e-08,8.610859225655076443e-08,-3.792024116933134792e-08
-7.391690104441295261e-08,-1.392051984794306918e-08,8.284826874732971191e-01,-2.226277651118380163e-08,9.431241210222651716e-08,-4.697541555742645869e-08,1.470176869133865694e-08,-5.307521977471196806e-09,3.203355073928833008e-01,-1.477543413639068604e-01,2.170244783883390483e-08,3.513478930017299717e-08,1.830373719258204801e-08,-3.619947719357696769e-08,-5.713577877486386569e-08,-1.251848846806069560e-08,-5.653495804835984018e-08,-4.703962019902974134e-08,-9.720400839796639048e-08,-1.593329557181277778e-08,8.002214713087596465e-08,-1.919107184278345812e-08,7.296175956726074219e-01,-9.892933583444118995e-09,-4.160026279009798600e-08,3.045821372893442458e-08,-5.491709131888455886e-08,-6.691912091127960593e-08,-1.573448749070394115e-08,-1.435000740457326174e-08,6.812778252651696675e-08,-3.570853834844456287e-08
-3.390676894809985242e-08,-8.092295722406106506e-09,6.173426508903503418e-01,-1.645389424709264858e-08,5.318082685334957205e-08,-3.117709113098499074e-08,1.081955147697044595e-08,-2.120367215141527595e-09,2.031922340393066406e-01,-8.619019389152526855e-02,1.301436380884979371e-08,1.212018219121091533e-08,8.690709485392744682e-09,-2.720744340933833882e-08,-3.339897958198889683e-08,-1.100348878679824338e-08,-4.217481475166096061e-08,-2.215422512108489173e-08,-5.959923043974413304e-08,-9.912791476551774394e-09,4.241848827746252937e-08,-1.521805792492614273e-08,5.095002651214599609e-01,-3.514249113933942681e-09,-1.882616551540650107e-08,1.974789398673237883e-08,-4.412770238104712917e-08,-4.277866239021932415e-08,-1.882227174121453572e-08,3.546855920077973678e-09,3.288280581159597205e-08,-3.074926624435647682e-08
-3.577736151783028618e-08,-8.483123536962011713e-09,6.313726305961608887e-01,-1.674632521542207542e-08,5.522768731225369265e-08,-3.199410869569874194e-08,1.101951863091699124e-08,-2.374103802438298771e-09,2.090956568717956543e-01,-8.920273184776306152e-02,1.350530265398219854e-08,1.319901610230544975e-08,9.118557464660170808e-09,-2.768792306540035497e-08,-3.456806751955809887e-08,-1.111083047788952172e-08,-4.294892264056215936e-08,-2.329069026529850817e-08,-6.151383047381386859e-08,-1.021506346177147861e-08,4.416455112732364796e-08,-1.533243221274460666e-08,5.228009223937988281e-01,-3.851449381642169101e-09,-1.989879727659626951e-08,2.030662749064049422e-08,-4.471417014428880066e-08,-4.392374464146087121e-08,-1.866906806924362172e-08,2.683434807693174662e-09,3.452963071026715625e-08,-3.102363166362920310e-08
9.576005766120943008e-09,2.055067921391540153e-11,1.898772120475769043e-01,-9.730726446832704823e-09,6.214623926581452906e-09,-1.247720504693461407e-08,6.033932464788449579e-09,2.433923507183521906e-09,6.353241950273513794e-02,-1.610229164361953735e-02,2.253204955948717725e-09,-1.310250485886399474e-08,-1.365848434353722496e-09,-1.681326367020119505e-08,-6.242711680926049667e-09,-8.853471733516471431e-09,-2.531538711991743185e-08,5.169759731415979331e-09,-1.602043475656955707e-08,-2.944714028174644227e-09,1.202949406753361927e-09,-1.210102507087640333e-08,1.441107392311096191e-01,4.135593201226583915e-09,6.423407139521941644e-09,7.053287287561715857e-09,-3.057716568832802295e-08,-1.567948082481507299e-08,-2.175464963727335999e-08,2.400575560557172139e-08,-4.987029900149764217e-09,-2.474222959847338643e-08
-1.143208336884526943e-07,-1.764855461772185663e-08,9.253892898559570312e-01,-2.774426910434613092e-08,1.336098733872859157e-07,-6.154900944466135115e-08,1.829345031012508116e-08,-6.494992987882142188e-09,4.255223572254180908e-01,-2.068393081426620483e-01,2.893118811186923267e-08,5.838262140400729550e-08,2.845879976121068466e-08,-4.417632837316887162e-08,-8.007007323840298341e-08,-1.336376431737562598e-08,-6.905610661078753765e-08,-7.281882830056929379e-08,-1.323294895883009303e-07,-2.165406698395599960e-08,1.183106306257286633e-07,-2.445994518041061383e-08,8.563411235809326172e-01,-1.566690421839211922e-08,-6.450431300208947505e-08,4.025380917482834775e-08,-6.440487254621984903e-08,-9.109904652859768248e-08,-1.287395878790675852e-08,-3.202299936333474761e-08,1.036767969253560295e-07,-3.995354802555084461e-08
-7.785104827462419053e-08,-1.434805785294201996e-08,8.417384624481201172e-01,-2.280704869406235957e-08,9.820160329354621354e-08,-4.843183276648233004e-08,1.505835989235038141e-08,-5.489951604431553278e-09,3.311020135879516602e-01,-1.536129266023635864e-01,2.245207930684500752e-08,3.739605958230640681e-08,1.927921289279765915e-08,-3.701216755302993988e-08,-5.939479663652491581e-08,-1.262195237217156318e-08,-5.781735623600070539e-08,-4.952196874796754855e-08,-1.007058827440232562e-07,-1.649977399154067825e-08,8.373472581979513052e-08,-1.966820839527372300e-08,7.454560399055480957e-01,-1.047340791870965404e-08,-4.382904705835244386e-08,3.144036853086618066e-08,-5.587629559045126371e-08,-6.927228213271519053e-08,-1.544175809442549507e-08,-1.607594413144397549e-08,7.159533765843661968e-08,-3.614469434864986397e-08
-1.757768615107124788e-07,-2.233733198409026954e-08,9.782588481903076172e-01,-3.582012553238200780e-08,1.920962375834278646e-07,-8.295794629020747379e-08,2.339731430822666880e-08,-7.319464145894016838e-09,5.632621645927429199e-01,-2.926664054393768311e-01,3.918415814041509293e-08,9.380832466376887169e-08,4.438023282204994757e-08,-5.599144969892222434e-08,-1.142602457093744306e-07,-1.429584006729101020e-08,-8.703914744501162204e-08,-1.123410982017958304e-07,-1.841607968344760593e-07,-3.016818084233818809e-08,1.765988741908586235e-07,-3.299129858191918174e-08,9.463074803352355957e-01,-2.418937050663316768e-08,-9.915132181959052105e-08,5.466946007004480634e-08,-7.802426438274778775e-08,-1.276617354051268194e-07,-8.534960294070970122e-09,-5.852697881891799625e-08,1.578371211508056149e-07,-4.615006332642224152e-08
-7.133990465035822126e-08,-1.312629915872776110e-08,8.178464770317077637e-01,-2.185414160749132861e-08,9.137005463344394229e-08,-4.579197465659490263e-08,1.449302544642705470e-08,-4.601362402212316738e-09,3.125657141208648682e-01,-1.436318010091781616e-01,2.085999462053678144e-08,3.367991396885372524e-08,1.771226543212378601e-08,-3.530364622861270618e-08,-5.555478210794717597e-08,-1.228258383889624383e-08,-5.518339563082008681e-08,-4.572338241359830135e-08,-9.436293879616641789e-08,-1.550558614837882487e-08,7.780116817457383149e-08,-1.915904235261223221e-08,7.172357439994812012e-01,-9.374822695917828241e-09,-4.022800226266554091e-08,2.961611045293466304e-08,-5.411789061326999217e-08,-6.549583275727854925e-08,-1.613355138374572562e-08,-1.329532306471037373e-08,6.572803812332494999e-08,-3.522606206729506084e-08
-1.468611827704080497e-07,-2.031909218658256577e-08,9.615542292594909668e-01,-3.203943421681287873e-08,1.647230760681850370e-07,-7.296524984212737763e-08,2.098821205720469152e-08,-7.171588212173674037e-09,5.017632842063903809e-01,-2.528619170188903809e-01,3.448948859841038939e-08,7.712154825867401087e-08,3.685391192220777157e-08,-5.056767804489936680e-08,-9.820561075457590050e-08,-1.392487636309169829e-08,-7.878862362531435792e-08,-9.360147856796174892e-08,-1.599801890961316531e-07,-2.618052441505369643e-08,1.490815719762395020e-07,-2.888316963378656510e-08,9.146120548248291016e-01,-2.022236067489302513e-08,-8.281339347604443901e-08,4.795369079602096463e-08,-7.166560322957593598e-08,-1.103961437820544234e-07,-1.048411579773755875e-08,-4.601766434575438325e-08,1.324139731195828062e-07,-4.329778491296565335e-08
-1.850443851481031743e-07,-2.285306521798702306e-08,9.817762970924377441e-01,-3.705274664866919920e-08,2.008825816801618203e-07,-8.617340796490680077e-08,2.426219758433489915e-08,-7.175517513502427391e-09,5.818542242050170898e-01,-3.052845895290374756e-01,4.061408631628182775e-08,9.916524135178406141e-08,4.672986975151616207e-08,-5.755620691161311697e-08,-1.194897123468763311e-07,-1.437635344103682655e-08,-8.955996833037715987e-08,-1.185010773951944429e-07,-1.918867980066352175e-07,-3.145021665318381565e-08,1.855553932728071231e-07,-3.437910578441005782e-08,9.537076950073242188e-01,-2.542894605994661106e-08,-1.044896293933561537e-07,5.679660830537613947e-08,-8.012938224055687897e-08,-1.333290668981135241e-07,-8.053540945240911242e-09,-6.267358543254886172e-08,1.658754058553313371e-07,-4.699218081327671825e-08
-8.544051866010704543e-08,-1.515523706530075287e-08,8.645310997962951660e-01,-2.385038122554306028e-08,1.056744167726719752e-07,-5.122251067746219633e-08,1.573481078764871199e-08,-5.831858107541165737e-09,3.515582382678985596e-01,-1.648517698049545288e-01,2.388417108534213185e-08,4.175735668354718655e-08,2.117085529107498587e-08,-3.857947206142853247e-08,-6.373254279878892703e-08,-1.281601935687604055e-08,-6.027648424833387253e-08,-5.430559824048941664e-08,-1.074268212164497527e-07,-1.758753320757477923e-08,9.088940799983902252e-08,-2.059969794743210514e-08,7.736136913299560547e-01,-1.158676354862109292e-08,-4.811927922787617717e-08,3.332361231400682300e-08,-5.770266753302166762e-08,-7.379784250360899023e-08,-1.486837231112758673e-08,-1.938906102338933124e-08,7.829337533848956809e-08,-3.698140105257152754e-08
-2.823072264845905011e-08,-6.956000220270652790e-09,5.724653005599975586e-01,-1.557106976690647571e-08,4.700482847397324804e-08,-2.871646920254988800e-08,1.020824935693553925e-08,-1.413585137832740202e-09,1.852442175149917603e-01,-7.705986499786376953e-02,1.155828854848550691e-08,8.841397836079067929e-09,7.386836031741950137e-09,-2.578669011654710630e-08,-2.985697733492997941e-08,-1.069482546967037706e-08,-3.988013830280578986e-08,-1.866707854958349344e-08,-5.384002577102364739e-08,-8.999765377382118459e-09,3.709384444050556340e-08,-1.484599110312956327e-08,4.678059518337249756e-01,-2.502329010667381226e-09,-1.555911666173415142e-08,1.806946592353142478e-08,-4.235832307131204288e-08,-3.928580483147925406e-08,-1.926082582315302716e-08,6.180472578165563391e-09,2.790260644758291164e-08,-2.993552783436825848e-08
-1.994786060777187231e-07,-2.384229880192378914e-08,9.860310554504394531e-01,-3.892471411859332875e-08,2.144835775652609300e-07,-9.112383025922099478e-08,2.542818400286250835e-08,-7.226416354200182468e-09,6.094381809234619141e-01,-3.245696425437927246e-01,4.293779554132015619e-08,1.075002273864811286e-07,5.053500373719543859e-08,-6.028128041180025321e-08,-1.274571985732109169e-07,-1.454817777357675368e-08,-9.363941444462398067e-08,-1.278579588870343287e-07,-2.038828057493446977e-07,-3.343218679674464511e-08,1.992739981915292447e-07,-3.643410906306598918e-08,9.632037281990051270e-01,-2.740776494647434447e-08,-1.126161990328000684e-07,6.013485887024216936e-08,-8.325967115752064274e-08,-1.419233086608073791e-07,-7.061843110278687163e-09,-6.887788117637683172e-08,1.785833063649988617e-07,-4.842719292241781659e-08
-2.250861115271618473e-07,-2.548306810012945789e-08,9.909380078315734863e-01,-4.225840299909577880e-08,2.385974937624268932e-07,-9.989921778696952970e-08,2.755749051175371278e-08,-7.142928470926790396e-09,6.548976898193359375e-01,-3.581384122371673584e-01,4.699067446267690684e-08,1.222964414182570181e-07,5.726177576548252546e-08,-6.497756999124248978e-08,-1.416428148104387219e-07,-1.481305300643498413e-08,-1.007529348839852901e-07,-1.445935851052126964e-07,-2.251111936857341789e-07,-3.694792383157619042e-08,2.237194820509103010e-07,-4.013787702206172980e-08,9.752802252769470215e-01,-3.089277100798426545e-08,-1.271035188210589695e-07,6.603161040175109520e-08,-8.885299251915057539e-08,-1.572763466128890286e-07,-5.416364246002558502e-09,-7.998189488489515497e-08,2.010393131968157832e-07,-5.092543275964089844e-08
-1.081167226857360220e-07,-1.726325216111490590e-08,9.151060581207275391e-01,-2.691412070987553307e-08,1.276940224670397583e-07,-5.937739899763982976e-08,1.771391211491391005e-08,-6.542105523976715631e-09,4.101406633853912354e-01,-1.979141086339950562e-01,2.794598685795790516e-08,5.480012177372373117e-08,2.689463407534731232e-08,-4.310216539238354017e-08,-7.655938105699533480e-08,-1.329556553741895186e-08,-6.732421553579115425e-08,-6.872281943515190505e-08,-1.271105674049977097e-07,-2.079137040311707096e-08,1.123317545648205851e-07,-2.355120010122391250e-08,8.413969874382019043e-01,-1.482762712612384348e-08,-6.093616633506826474e-08,3.881470789224295004e-08,-6.298181887132159318e-08,-8.731509382187141455e-08,-1.321308218393824063e-08,-2.925200170977859671e-08,9.828526259525460773e-08,-3.937652692798110365e-08
-2.246793400217939052e-07,-2.546059896246788412e-08,9.908792972564697266e-01,-4.220437688218225958e-08,2.382122801236619125e-07,-9.975835979503244744e-08,2.751975181070065446e-08,-7.149544956064346479e-09,6.542057991027832031e-01,-3.576086759567260742e-01,4.692807564765644202e-08,1.220612801944298553e-07,5.715827455787803046e-08,-6.490886761412184569e-08,-1.414135653021730832e-07,-1.480965128308753265e-08,-1.006426586513953225e-07,-1.443230530639993958e-07,-2.247726342829992063e-07,-3.689171279575020890e-08,2.233264240203425288e-07,-4.007693021890190721e-08,9.751259684562683105e-01,-3.083837896156182978e-08,-1.268694092004807317e-07,6.593834456225522445e-08,-8.876083512632249040e-08,-1.570276708662277088e-07,-5.437529981833222337e-09,-7.980011673680564854e-08,2.006865003068014630e-07,-5.088836019240261521e-08
-1.129088431639502232e-07,-1.749008760043579969e-08,9.231340885162353516e-01,-2.755526118392026547e-08,1.322329268305111327e-07,-6.103886818209502962e-08,1.818288275501345197e-08,-6.412060660210272545e-09,4.220184385776519775e-01,-2.048045843839645386e-01,2.866156734171454445e-08,5.757290821861715813e-08,2.809644605861194577e-08,-4.386455998428573366e-08,-7.928099421405931935e-08,-1.332510723983659773e-08,-6.858914503027335741e-08,-7.195000506499127368e-08,-1.310896919903825619e-07,-2.145422683952347143e-08,1.169989687355155183e-07,-2.429023915340167150e-08,8.530128598213195801e-01,-1.545888039800047409e-08,-6.372180649805159192e-08,3.990523467223283660e-08,-6.408290431636487483e-08,-9.027895231383809005e-08,-1.300138663395955518e-08,-3.142948301615433593e-08,1.024138569505339547e-07,-3.979177520818666380e-08
1.523494397304148151e-08,1.595588661196245539e-09,1.175081208348274231e-01,-8.766315673369717842e-09,-4.449901280789703151e-10,-9.686425883614901977e-09,5.328942620508314576e-09,3.454671881897297681e-09,4.381282255053520203e-02,-6.421638187021017075e-03,4.808975995196362874e-10,-1.641354607784251129e-08,-2.594112258336167542e-09,-1.519758541235205485e-08,-2.437201773730635068e-09,-8.418111541175221646e-09,-2.269889876060915412e-08,8.647863758426410641e-09,-9.662239897068047867e-09,-1.941230287627604412e-09,-4.133088093993819712e-09,-1.202049748627587178e-08,8.640281111001968384e-02,5.313864903655485250e-09,9.756944585603832820e-09,5.136918890258357351e-09,-2.843134261354407499e-08,-1.205509558843687046e-08,-2.215038108488442958e-08,2.680769206619970646e-08,-9.896486297122919495e-09,-2.377177388268592040e-08
-3.512350232881544798e-08,-8.480278701483712211e-09,6.272658705711364746e-01,-1.666343507622514153e-08,5.463627417157113086e-08,-3.178464069719666441e-08,1.095883650492623929e-08,-2.418820033156521276e-09,2.072817087173461914e-01,-8.825581520795822144e-02,1.342763056300100288e-08,1.282061123930589019e-08,8.949524676893361175e-09,-2.759924200290697627e-08,-3.420898408990069584e-08,-1.111569947198631780e-08,-4.280208187878997705e-08,-2.284103040040008636e-08,-6.100676586129338830e-08,-1.012910377795606109e-08,4.352270721597051306e-08,-1.521521930669678113e-08,5.188822746276855469e-01,-3.773990897570911329e-09,-1.951908501496291137e-08,2.017084632655041787e-08,-4.458103219917575188e-08,-4.352071769631038478e-08,-1.869356758277262998e-08,2.976632273998802702e-09,3.396778325281957223e-08,-3.097707690358220134e-08
-4.137925557756716444e-08,-9.224121910733629193e-09,6.685964465141296387e-01,-1.755814160731006268e-08,6.095181959153705975e-08,-3.419042471364264202e-08,1.158342310958460075e-08,-2.713219870997818362e-09,2.258639484643936157e-01,-9.786257892847061157e-02,1.467312227276806880e-08,1.643155478348035103e-08,1.046438313778708107e-08,-2.887751371360991470e-08,-3.790179192719733692e-08,-1.129679016997897634e-08,-4.487397475827492599e-08,-2.685148636771828023e-08,-6.672012631270263228e-08,-1.105517810628953157e-08,4.948592291498243867e-08,-1.592472465006267157e-08,5.588665008544921875e-01,-4.729612701481755721e-09,-2.311978342106613127e-08,2.178581404166379798e-08,-4.622975779966509435e-08,-4.735155201274210413e-08,-1.829428342148275988e-08,1.357405299273750643e-10,3.942420434555060638e-08,-3.168748108350882831e-08
-1.209102578059173538e-07,-1.807950589238771499e-08,9.346134066581726074e-01,-2.862379311352469813e-08,1.398952775844009011e-07,-6.385587170143480762e-08,1.889693557188820705e-08,-6.476554403889167588e-09,4.415083229541778564e-01,-2.162633389234542847e-01,2.999057358010759344e-08,6.218572679017597693e-08,3.012663896129197383e-08,-4.534308217785110173e-08,-8.378873417314025573e-08,-1.344308486750378506e-08,-7.091762199706863612e-08,-7.714479011156072374e-08,-1.378812015673247515e-07,-2.257024078744507278e-08,1.246404082166918670e-07,-2.541380972331808152e-08,8.703742623329162598e-01,-1.656328407761975541e-08,-6.827992393709791941e-08,4.178710710789346194e-08,-6.590858703248159145e-08,-9.509864895562714082e-08,-1.249248438028871533e-08,-3.494713496365875471e-08,1.094192256800852192e-07,-4.057700309090250812e-08
-2.261898117694727262e-07,-2.555299793982612755e-08,9.910942912101745605e-01,-4.240200368599289504e-08,2.396358524947572732e-07,-1.002768144076071621e-07,2.764905637775427749e-08,-7.137929358691508241e-09,6.567578911781311035e-01,-3.595646917819976807e-01,4.716473256394237978e-08,1.229342814212941448e-07,5.755250143124612805e-08,-6.517942807704457664e-08,-1.422538531414829777e-07,-1.482399181185201087e-08,-1.010581840432678291e-07,-1.453158517961128382e-07,-2.260247384811009397e-07,-3.709932627771195257e-08,2.247734727234274033e-07,-4.029780598102661315e-08,9.756932258605957031e-01,-3.104286250277255022e-08,-1.277278300904072239e-07,6.628547311038346379e-08,-8.909373860888081254e-08,-1.579384729666344356e-07,-5.345864639849651212e-09,-8.046043120657486725e-08,2.020068023966814508e-07,-5.103325406707881484e-08
-6.796971518951977487e-08,-1.271868388386110382e-08,8.048565983772277832e-01,-2.137868015950061817e-08,8.798917150443230639e-08,-4.451354129741957877e-08,1.417654971191950608e-08,-4.410321885472967551e-09,3.031264543533325195e-01,-1.385519653558731079e-01,2.018743749943041621e-08,3.174205787104256160e-08,1.688813178191139741e-08,-3.459087238866231928e-08,-5.359325427889416460e-08,-1.218097711586096921e-08,-5.404821123988767795e-08,-4.360289196370104037e-08,-9.130240385957222315e-08,-1.501219593080804771e-08,7.462102047384178150e-08,-1.877507571634851047e-08,7.022900581359863281e-01,-8.863983325113622413e-09,-3.831208417182097037e-08,2.875332505425376439e-08,-5.326203833533327270e-08,-6.346905223608700908e-08,-1.638298918749114819e-08,-1.180166719905173522e-08,6.276189878917648457e-08,-3.483852140107046580e-08
-1.310896067252542707e-07,-1.913620728544174199e-08,9.470522999763488770e-01,-2.996489101292354462e-08,1.497148502949130489e-07,-6.747119130068313098e-08,1.966646223650059255e-08,-6.985651168633921770e-09,4.657483994960784912e-01,-2.307198047637939453e-01,3.187017227901378646e-08,6.802953578244341770e-08,3.277763838127611962e-08,-4.755947813350758224e-08,-8.942203777451140922e-08,-1.369095503633843691e-08,-7.419043157597116078e-08,-8.344043322949801222e-08,-1.466848971176659688e-07,-2.399561616073242476e-08,1.341055479997521616e-07,-2.668185494769659272e-08,8.900284767150878906e-01,-1.804094118540433556e-08,-7.390855927269512904e-08,4.425937660812451213e-08,-6.816461706193877035e-08,-1.009975463261980622e-07,-1.157982598698481524e-08,-3.919906177429766103e-08,1.185278151183410955e-07,-4.171950607201324601e-08
-2.247525827669960563e-07,-2.546386390633870178e-08,9.908899664878845215e-01,-4.221436711304704659e-08,2.382822543722795672e-07,-9.978413118005846627e-08,2.752748606837940315e-08,-7.147226810388929152e-09,6.543316245079040527e-01,-3.577049672603607178e-01,4.693898247865035955e-08,1.221036569631905877e-07,5.717606299526778457e-08,-6.491990234280820005e-08,-1.414558141732413787e-07,-1.481011668857945551e-08,-1.006619925192353548e-07,-1.443728052663573180e-07,-2.248340393862235942e-07,-3.690193395300411794e-08,2.233983167343467358e-07,-4.008838416780236003e-08,9.751538634300231934e-01,-3.084795707763987593e-08,-1.269125249336866545e-07,6.595507784368237481e-08,-8.877825052877597045e-08,-1.570735577161030960e-07,-5.434850791630196909e-09,-7.983413752299384214e-08,2.007491701760955038e-07,-5.089440335837025486e-08
-6.607890412624328746e-08,-1.249900449806773395e-08,7.972545027732849121e-01,-2.111261743209524866e-08,8.609851676055768621e-08,-4.379974427592969732e-08,1.399798588153089440e-08,-4.314060664256658129e-09,2.978152632713317871e-01,-1.357026696205139160e-01,1.981617181456840626e-08,3.065421694259384822e-08,1.642521674227737094e-08,-3.419792093950491108e-08,-5.249370360616012476e-08,-1.212696343344532579e-08,-5.342057463053606625e-08,-4.240683892930974253e-08,-8.959420227938608150e-08,-1.473621136227620809e-08,7.283232861254873569e-08,-1.855486431168174022e-08,6.936630606651306152e-01,-8.579660537577638024e-09,-3.723501507124638010e-08,2.827249012682386820e-08,-5.278391412844030128e-08,-6.232891536228635232e-08,-1.651844172556593549e-08,-1.096135360256766944e-08,6.110072092724294635e-08,-3.462460540504253004e-08
-1.126593716094248521e-07,-1.754899692230083019e-08,9.228074550628662109e-01,-2.752219074864115100e-08,1.320279210403896286e-07,-6.096875182493022294e-08,1.813772954051273700e-08,-6.512096195621097650e-09,4.214378297328948975e-01,-2.044548541307449341e-01,2.866977411031257361e-08,5.742295527966234658e-08,2.803977139365088078e-08,-4.389156416095829627e-08,-7.913013888583009248e-08,-1.334670596264686537e-08,-6.859604440023758798e-08,-7.171921367898903554e-08,-1.309352910539018922e-07,-2.142333954679997987e-08,1.167075538432982285e-07,-2.421467115709674545e-08,8.525226712226867676e-01,-1.544304772949089966e-08,-6.354778037120922818e-08,3.986967200830804359e-08,-6.402444086006653379e-08,-9.008431334223132581e-08,-1.296282281515459545e-08,-3.127982139972118603e-08,1.022342530632158741e-07,-3.980045448770397343e-08
-7.299426130202846252e-08,-1.385184500435343580e-08,8.251884579658508301e-01,-2.213745631252095336e-08,9.342153362013050355e-08,-4.664584096758517262e-08,1.461434617766599331e-08,-5.302827066344661944e-09,3.178220093250274658e-01,-1.463906466960906982e-01,2.154786216124193743e-08,3.460241870811842091e-08,1.807345562099271774e-08,-3.603341625080247468e-08,-5.660907120841329743e-08,-1.250462844382127514e-08,-5.626631605082366150e-08,-4.643527873327002453e-08,-9.641345855015970301e-08,-1.580332309458754025e-08,7.913568111916902126e-08,-1.906227531378590356e-08,7.257719039916992188e-01,-9.764882236140692839e-09,-4.106983553242571361e-08,3.023918182520901610e-08,-5.469916075639957853e-08,-6.635653448938683141e-08,-1.578735187024449260e-08,-1.393695114870752150e-08,6.732496871109105996e-08,-3.561869732493505580e-08
-4.364618177987722447e-08,-1.016874318082727768e-08,6.852747797966003418e-01,-1.797254967073058651e-08,6.383771733453613706e-08,-3.542277582369024458e-08,1.183537534643619438e-08,-3.523201508315310093e-09,2.336805015802383423e-01,-1.018238365650177002e-01,1.559518914007185231e-08,1.772384194964615745e-08,1.092229506838293673e-08,-2.976111979080542369e-08,-3.945782012237941672e-08,-1.157883655622526931e-08,-4.626577876365445263e-08,-2.799705356437698356e-08,-6.958274667567820870e-08,-1.148283956808882067e-08,5.145332693246018607e-08,-1.579943997853661131e-08,5.754922628402709961e-01,-5.272139613765602917e-09,-2.437478663352976582e-08,2.265966791981099959e-08,-4.715038315339370456e-08,-4.868505598665251455e-08,-1.796646920126931946e-08,-8.964753384077539522e-10,4.149920940221818455e-08,-3.219599520321025921e-08
-1.915310576805495657e-07,-2.329438331116762129e-08,9.838523268699645996e-01,-3.789619640315322613e-08,2.070013778165957774e-07,-8.840226684014851344e-08,2.479320393433681602e-08,-7.193647899583766048e-09,5.944345593452453613e-01,-3.139908909797668457e-01,4.165742950590356486e-08,1.029107679073604231e-07,4.843262857434638136e-08,-5.877270936593959050e-08,-1.230778821081912611e-07,-1.445350861217775673e-08,-9.139258594359489507e-08,-1.227112704782484798e-07,-1.972841090491783689e-07,-3.234188028500284418e-08,1.917272385298929294e-07,-3.530498204895593517e-08,9.582552909851074219e-01,-2.631710138700782409e-08,-1.081483560483320616e-07,5.829715732375007065e-08,-8.154273700711200945e-08,-1.371984126308234408e-07,-7.614912256315164996e-09,-6.547074349327886011e-08,1.715807229629717767e-07,-4.763302641208611021e-08
